,Location,day,date,total_number_positive_people,deaths,deaths_increase,total_recoveries,total_recoveries_increase,currently_positive,dismissed_patients,swabs,swabs_increase
10,Toscana,0,24/2/2020,0,0,0.0,0,0.0,0,0,140,0.0
24,Toscana,1,25/2/2020,2,0,0.0,2,0.0,2,0,296,111.42857
38,Toscana,2,26/2/2020,2,0,0.0,2,0.0,2,0,363,22.635136
52,Toscana,3,27/2/2020,2,0,0.0,2,0.0,2,0,410,12.947659
66,Toscana,4,28/2/2020,8,0,0.0,5,150.0,7,1,437,6.5853658
80,Toscana,5,29/2/2020,11,0,0.0,7,40.0,10,1,531,21.510298
94,Toscana,6,01/3/2020,13,0,0.0,7,0.0,12,1,572,7.7212806
108,Toscana,7,02/3/2020,13,0,0.0,7,0.0,12,1,613,7.1678324
122,Toscana,8,03/3/2020,19,0,0.0,10,42.857143,18,1,697,13.703099
136,Toscana,9,04/3/2020,38,0,0.0,17,70.0,37,1,776,11.33429
150,Toscana,10,05/3/2020,61,0,0.0,29,70.588234,60,1,776,0.0
164,Toscana,11,06/3/2020,79,0,0.0,40,37.931034,78,1,1097,41.365978
178,Toscana,12,07/3/2020,113,0,0.0,61,52.5,112,1,1331,21.330902
192,Toscana,13,08/3/2020,166,0,0.0,98,60.655739,165,1,1618,21.562735
206,Toscana,14,09/3/2020,208,1,0.0,116,18.367348,206,1,2018,24.721878
220,Toscana,15,10/3/2020,264,1,0.0,131,12.931034,260,3,2573,27.502478
234,Toscana,16,11/3/2020,320,1,0.0,141,7.6335878,314,5,2804,8.9778471
248,Toscana,17,12/3/2020,364,5,400.0,159,12.765958,352,7,3165,12.874465
262,Toscana,18,13/3/2020,470,5,0.0,211,32.704403,455,10,4049,27.93049
276,Toscana,19,14/3/2020,630,6,20.0,247,17.061611,614,10,4595,13.484811
290,Toscana,20,15/3/2020,781,8,33.333332,282,14.17004,763,10,5132,11.686616
304,Toscana,21,16/3/2020,866,14,75.0,282,0.0,841,11,5910,15.159781
318,Toscana,22,17/3/2020,1053,17,21.428572,472,67.375885,1024,12,6727,13.824027
332,Toscana,23,18/3/2020,1330,22,29.411764,587,24.364407,1291,17,7606,13.066746
346,Toscana,24,19/3/2020,1482,38,72.727272,679,15.672914,1422,22,8873,16.657902
360,Toscana,25,20/3/2020,1793,47,23.68421,790,16.34757,1713,33,10405,17.265863
374,Toscana,26,21/3/2020,2012,72,53.19149,866,9.6202536,1905,35,11909,14.454589
388,Toscana,27,22/3/2020,2277,91,26.388889,921,6.3510394,2144,42,13264,11.37795
402,Toscana,28,23/3/2020,2461,109,19.78022,1076,16.829533,2301,51,13851,4.4255128
416,Toscana,29,24/3/2020,2699,129,18.348623,1162,7.9925652,2519,51,15701,13.356437
430,Toscana,30,25/3/2020,2972,142,10.077519,1250,7.5731497,2776,54,17868,13.801669
444,Toscana,31,26/3/2020,3226,158,11.267606,1296,3.6800001,2973,95,20952,17.259907
458,Toscana,32,27/3/2020,3450,177,12.025316,1327,2.3919754,3170,103,23746,13.335242
472,Toscana,33,28/3/2020,3817,198,11.864407,1370,3.240392,3511,108,25613,7.8623767
486,Toscana,34,29/3/2020,4122,215,8.5858583,1386,1.1678832,3786,121,27579,7.6757898
500,Toscana,35,30/3/2020,4412,231,7.4418607,1395,0.64935064,4050,131,30099,9.1373873
514,Toscana,36,31/3/2020,4608,244,5.6277056,1413,1.2903225,4226,138,33165,10.186385
528,Toscana,37,01/4/2020,4867,253,3.6885245,1417,0.28308564,4432,182,36575,10.281923
542,Toscana,38,02/4/2020,5273,268,5.928854,1430,0.91743118,4789,216,40724,11.343814
556,Toscana,39,03/4/2020,5499,290,8.2089548,1437,0.48951048,4909,300,44460,9.1739511
570,Toscana,40,04/4/2020,5671,307,5.8620691,1415,-1.5309672,5054,310,47886,7.7058029
584,Toscana,41,05/4/2020,5847,325,5.8631921,1387,-1.9787986,5185,337,51006,6.5154743
598,Toscana,42,06/4/2020,6001,350,7.6923075,1395,0.57678443,5301,350,52849,3.6133003
612,Toscana,43,07/4/2020,6173,369,5.4285712,1350,-3.2258065,5427,377,56651,7.1940813
626,Toscana,44,08/4/2020,6379,392,6.2330623,1326,-1.7777778,5557,430,60985,7.6503506
640,Toscana,45,09/4/2020,6552,408,4.0816326,1294,-2.4132731,5703,441,65461,7.3395095
654,Toscana,46,10/4/2020,6727,454,11.274509,1267,-2.0865533,5822,451,72001,9.9906816
668,Toscana,47,11/4/2020,6958,467,2.8634362,1234,-2.6045778,5992,499,75756,5.2152052
682,Toscana,48,12/4/2020,7235,495,5.9957175,1221,-1.0534846,6162,578,78640,3.8069592
696,Toscana,49,13/4/2020,7390,518,4.6464648,1217,-0.32760033,6257,615,80889,2.8598678
710,Toscana,50,14/4/2020,7527,538,3.8610039,1227,0.82169271,6352,637,82269,1.7060416
724,Toscana,51,15/4/2020,7666,556,3.3457248,1193,-2.7709861,6417,693,86348,4.9581251
738,Toscana,52,16/4/2020,7943,585,5.2158275,1153,-3.3528919,6613,745,91651,6.1414275
752,Toscana,53,17/4/2020,8110,602,2.905983,1105,-4.163053,6583,925,96231,4.9972177
766,Toscana,54,18/4/2020,8237,618,2.6578074,1081,-2.1719458,6470,1149,99903,3.8158181
780,Toscana,55,19/4/2020,8372,637,3.0744336,1044,-3.4227567,6496,1239,103975,4.0759535
794,Toscana,56,20/4/2020,8507,667,4.7095761,1032,-1.1494253,6568,1272,105857,1.8100505
808,Toscana,57,21/4/2020,8603,686,2.8485758,1004,-2.7131784,6622,1295,109925,3.8429201
822,Toscana,58,22/4/2020,8700,705,2.7696793,994,-0.99601597,6167,1828,114100,3.7980442
836,Toscana,59,23/4/2020,8780,723,2.5531914,959,-3.5211267,6171,1886,118177,3.5731814
850,Toscana,60,24/4/2020,8877,742,2.6279392,897,-6.4650679,6133,2002,121336,2.6731091
864,Toscana,61,25/4/2020,9015,760,2.4258759,853,-4.9052396,6146,2109,125495,3.4276719
878,Toscana,62,26/4/2020,9147,778,2.3684211,835,-2.1101992,6069,2300,127394,1.5132077
892,Toscana,63,27/4/2020,9179,795,2.1850901,825,-1.1976048,5983,2401,129048,1.2983344
906,Toscana,64,28/4/2020,9231,811,2.0125787,763,-7.5151515,5896,2524,133617,3.5405431
920,Toscana,65,29/4/2020,9292,827,1.972873,715,-6.290957,5663,2802,137482,2.892596
934,Toscana,66,30/4/2020,9352,842,1.8137847,672,-6.0139861,5584,2926,141849,3.1764159
948,Toscana,67,01/5/2020,9445,854,1.4251782,644,-4.1666665,5373,3218,146456,3.2478199
962,Toscana,68,02/5/2020,9525,863,1.0538641,637,-1.0869565,5365,3297,148223,1.2065057
976,Toscana,69,03/5/2020,9563,872,1.0428737,625,-1.8838304,5328,3363,150914,1.8155078
990,Toscana,70,04/5/2020,9601,881,1.0321101,619,-0.95999998,5279,3441,152447,1.0158104
1004,Toscana,71,05/5/2020,9631,889,0.908059,595,-3.8772213,5190,3552,157260,3.1571629
1018,Toscana,72,06/5/2020,9657,899,1.1248593,554,-6.8907561,5088,3670,161553,2.7298741
1032,Toscana,73,07/5/2020,9683,915,1.7797552,528,-4.693141,4716,4052,166062,2.7910345
1046,Toscana,74,08/5/2020,9721,930,1.6393442,483,-8.522727,4592,4199,170296,2.5496502
1060,Toscana,75,09/5/2020,9745,937,0.75268817,443,-8.2815733,4448,4360,174596,2.5250154
1074,Toscana,76,10/5/2020,9774,942,0.53361791,428,-3.3860044,4147,4685,178208,2.0687759
1088,Toscana,77,11/5/2020,9787,950,0.84925687,424,-0.93457943,4073,4764,179469,0.70760012
1102,Toscana,78,12/5/2020,9802,959,0.94736844,379,-10.613208,3841,5002,184851,2.9988465
1116,Toscana,79,13/5/2020,9829,964,0.52137643,356,-6.0686016,3563,5302,189026,2.2585759
1130,Toscana,80,14/5/2020,9859,973,0.93360996,337,-5.3370786,3388,5498,193182,2.1986394
1144,Toscana,81,15/5/2020,9883,976,0.30832475,305,-9.4955492,3168,5739,197365,2.1653156
1158,Toscana,82,16/5/2020,9913,979,0.30737704,300,-1.6393442,2943,5991,200703,1.6912826
1172,Toscana,83,17/5/2020,9948,984,0.5107252,281,-6.3333335,2802,6162,204022,1.6536872
1186,Toscana,84,18/5/2020,9961,989,0.50813007,263,-6.405694,2573,6399,205201,0.57787883
1200,Toscana,85,19/5/2020,9968,992,0.30333671,246,-6.4638782,2323,6653,209161,1.9298152
1214,Toscana,86,20/5/2020,9982,998,0.60483873,223,-9.3495932,2117,6867,214299,2.456481
1228,Toscana,87,21/5/2020,10000,1004,0.60120243,210,-5.8295965,1877,7119,218615,2.0140085
1242,Toscana,88,22/5/2020,10035,1009,0.49800798,204,-2.8571429,1786,7240,222505,1.7793839
1256,Toscana,89,23/5/2020,10047,1011,0.19821605,197,-3.4313726,1766,7270,226046,1.5914249
1270,Toscana,90,24/5/2020,10062,1013,0.19782394,186,-5.5837564,1700,7349,229135,1.366536
1284,Toscana,91,25/5/2020,10067,1015,0.19743337,189,1.6129032,1636,7416,230273,0.49665046
1298,Toscana,92,26/5/2020,10070,1021,0.591133,179,-5.2910051,1522,7527,234796,1.9641904
1312,Toscana,93,27/5/2020,10082,1027,0.58765918,163,-8.9385471,1460,7595,238667,1.6486652
1326,Toscana,94,28/5/2020,10086,1029,0.19474196,153,-6.1349692,1380,7677,242687,1.6843551
1340,Toscana,95,29/5/2020,10088,1031,0.19436346,142,-7.1895423,1255,7802,246052,1.3865596
1354,Toscana,96,30/5/2020,10100,1037,0.58195925,133,-6.338028,1166,7897,249441,1.3773512
1368,Toscana,97,31/5/2020,10104,1041,0.38572806,125,-6.0150375,1111,7952,252090,1.0619745
1382,Toscana,98,01/6/2020,10107,1048,0.67243034,110,-12.0,1082,7977,253845,0.69617993
1396,Toscana,99,02/6/2020,10117,1053,0.47709924,110,0.0,1011,8053,257178,1.3130059
1410,Toscana,100,03/6/2020,10121,1055,0.18993352,101,-8.181818,973,8093,259167,0.77339429
1424,Toscana,101,04/6/2020,10122,1059,0.37914693,89,-11.881188,883,8180,262762,1.3871365
1438,Toscana,102,05/6/2020,10129,1063,0.37771481,78,-12.35955,857,8209,266508,1.4256247
1452,Toscana,103,06/6/2020,10134,1068,0.4703669,71,-8.9743586,785,8281,269298,1.0468729
1466,Toscana,104,07/6/2020,10135,1070,0.18726592,72,1.4084507,750,8315,272106,1.042711
1480,Toscana,105,08/6/2020,10144,1074,0.37383178,70,-2.7777777,721,8349,273706,0.58800614
1494,Toscana,106,09/6/2020,10145,1077,0.2793296,63,-10.0,628,8440,277092,1.2370938
1508,Toscana,107,10/6/2020,10148,1078,0.092850514,55,-12.698413,539,8531,280491,1.2266684
1522,Toscana,108,11/6/2020,10158,1079,0.092764378,57,3.6363637,521,8558,283638,1.1219611
1536,Toscana,109,12/6/2020,10165,1080,0.092678405,50,-12.280702,510,8575,286693,1.0770772
1550,Toscana,110,13/6/2020,10172,1082,0.18518518,49,-2.0,502,8588,289524,0.98746741
1564,Toscana,111,14/6/2020,10180,1085,0.27726433,50,2.0408163,499,8596,292101,0.89008164
1578,Toscana,112,15/6/2020,10188,1088,0.27649769,47,-6.0,489,8611,293683,0.54159349
1592,Toscana,113,16/6/2020,10191,1091,0.27573529,48,2.1276596,463,8637,296812,1.0654345
1606,Toscana,114,17/6/2020,10193,1092,0.091659032,47,-2.0833333,444,8657,300612,1.2802716
1620,Toscana,115,18/6/2020,10195,1093,0.091575094,36,-23.404255,438,8664,303786,1.0558461
1634,Toscana,116,19/6/2020,10205,1095,0.18298262,30,-16.666666,423,8687,306489,0.8897711
1648,Toscana,117,20/6/2020,10207,1095,0.0,31,3.3333333,414,8698,309250,0.90084797
1662,Toscana,118,21/6/2020,10210,1095,0.0,28,-9.6774197,365,8750,311877,0.84947455
1676,Toscana,119,22/6/2020,10211,1099,0.36529681,27,-3.5714285,360,8752,313455,0.50596869
1690,Toscana,120,23/6/2020,10217,1100,0.09099181,26,-3.7037036,337,8780,316933,1.1095692
1704,Toscana,121,24/6/2020,10222,1101,0.090909094,31,19.23077,330,8791,320799,1.2198162
1718,Toscana,122,25/6/2020,10224,1101,0.0,30,-3.2258065,324,8799,323864,0.95542693
1732,Toscana,123,26/6/2020,10226,1103,0.18165304,27,-10.0,314,8809,326645,0.85869378
1746,Toscana,124,27/6/2020,10238,1103,0.0,20,-25.925926,318,8817,329865,0.98577964
1760,Toscana,125,28/6/2020,10243,1103,0.0,22,10.0,323,8817,332758,0.87702543
1774,Toscana,126,29/6/2020,10248,1104,0.090661831,20,-9.090909,327,8817,334198,0.43274692
1788,Toscana,127,30/6/2020,10250,1104,0.0,23,15.0,329,8817,337110,0.87133974
1802,Toscana,128,01/7/2020,10254,1106,0.18115942,18,-21.73913,323,8825,341165,1.2028714
1816,Toscana,129,02/7/2020,10258,1109,0.27124774,14,-22.222221,324,8825,344383,0.94323862
1830,Toscana,130,03/7/2020,10267,1112,0.27051398,16,14.285714,323,8832,347127,0.79678732
1844,Toscana,131,04/7/2020,10276,1114,0.17985612,13,-18.75,324,8838,349745,0.7541908
1858,Toscana,132,05/7/2020,10285,1114,0.0,14,7.6923075,330,8841,352549,0.801727
1872,Toscana,133,06/7/2020,10287,1114,0.0,14,0.0,332,8841,353862,0.3724305
1886,Toscana,134,07/7/2020,10306,1116,0.17953321,13,-7.1428571,339,8851,356547,0.75877035
1900,Toscana,135,08/7/2020,10313,1118,0.17921147,14,7.6923075,341,8854,360262,1.0419384
1914,Toscana,136,09/7/2020,10314,1120,0.17889088,13,-7.1428571,337,8857,363333,0.85243517
1928,Toscana,137,10/7/2020,10316,1121,0.089285716,11,-15.384615,330,8865,366018,0.7389915
1942,Toscana,138,11/7/2020,10321,1122,0.08920607,10,-9.090909,330,8869,368488,0.6748302
1956,Toscana,139,12/7/2020,10322,1122,0.0,11,10.0,331,8869,371272,0.75551987
1970,Toscana,140,13/7/2020,10326,1122,0.0,10,-9.090909,335,8869,372853,0.42583334
1984,Toscana,141,14/7/2020,10330,1125,0.26737967,10,0.0,311,8894,375745,0.77564079
1998,Toscana,142,15/7/2020,10338,1127,0.17777778,12,20.0,313,8898,379196,0.91844201
2012,Toscana,143,16/7/2020,10350,1127,0.0,14,16.666666,315,8908,382160,0.78165382
2026,Toscana,144,17/7/2020,10356,1129,0.17746229,13,-7.1428571,318,8909,384826,0.69761354
2040,Toscana,145,18/7/2020,10358,1129,0.0,13,0.0,314,8915,387885,0.79490471
2054,Toscana,146,19/7/2020,10374,1129,0.0,12,-7.6923075,325,8920,390676,0.71954316
2068,Toscana,147,20/7/2020,10375,1130,0.088573962,10,-16.666666,324,8921,391998,0.33838782
2082,Toscana,148,21/7/2020,10384,1131,0.088495575,12,20.0,326,8927,395061,0.78138155
2096,Toscana,149,22/7/2020,10390,1131,0.0,13,8.333333,332,8927,398693,0.9193517
2110,Toscana,150,23/7/2020,10394,1131,0.0,15,15.384615,328,8935,401479,0.69878328
2124,Toscana,151,24/7/2020,10405,1131,0.0,14,-6.6666665,335,8939,404349,0.7148568
2138,Toscana,152,25/7/2020,10415,1131,0.0,13,-7.1428571,343,8941,407195,0.70384741
2152,Toscana,153,26/7/2020,10430,1131,0.0,13,0.0,355,8944,410136,0.72225839
2166,Toscana,154,27/7/2020,10438,1131,0.0,13,0.0,363,8944,411665,0.37280318
2180,Toscana,155,28/7/2020,10441,1134,0.26525199,13,0.0,363,8944,414464,0.67992181
2194,Toscana,156,29/7/2020,10458,1134,0.0,15,15.384615,380,8944,418307,0.92722166
2208,Toscana,157,30/7/2020,10469,1134,0.0,17,13.333333,389,8946,421637,0.79606605
2222,Toscana,158,31/7/2020,10483,1134,0.0,17,0.0,387,8962,424574,0.69657075
2236,Toscana,159,01/8/2020,10489,1135,0.088183418,16,-5.8823528,392,8962,427761,0.75063473
2250,Toscana,160,02/8/2020,10498,1135,0.0,15,-6.25,397,8966,430576,0.65807778
2264,Toscana,161,03/8/2020,10508,1136,0.088105723,17,13.333333,398,8974,432068,0.34651259
2278,Toscana,162,04/8/2020,10519,1137,0.08802817,18,5.8823528,405,8977,434741,0.61865264
2292,Toscana,163,05/8/2020,10530,1137,0.0,18,0.0,415,8978,438634,0.89547569
2306,Toscana,164,06/8/2020,10547,1137,0.0,20,11.111111,425,8985,441676,0.69351667
2320,Toscana,165,07/8/2020,10560,1137,0.0,18,-10.0,435,8988,444333,0.60157222
2334,Toscana,166,08/8/2020,10583,1137,0.0,15,-16.666666,457,8989,447250,0.65648961
2348,Toscana,167,09/8/2020,10644,1137,0.0,15,0.0,510,8997,450034,0.62247068
2362,Toscana,168,10/8/2020,10652,1137,0.0,17,13.333333,518,8997,451421,0.30819893
2376,Toscana,169,11/8/2020,10674,1137,0.0,19,11.764706,535,9002,454393,0.65836549
2390,Toscana,170,12/8/2020,10707,1137,0.0,18,-5.2631578,563,9007,457566,0.69829422
2404,Toscana,171,13/8/2020,10735,1137,0.0,16,-11.111111,590,9008,460694,0.68361723
2418,Toscana,172,14/8/2020,10761,1137,0.0,15,-6.25,604,9020,463708,0.65423036
2432,Toscana,173,15/8/2020,10799,1138,0.087950751,13,-13.333333,633,9028,467475,0.8123647
2446,Toscana,174,16/8/2020,10833,1138,0.0,14,7.6923075,667,9028,469408,0.41349804
2460,Toscana,175,17/8/2020,10854,1139,0.087873459,15,7.1428571,687,9028,471051,0.35001534
2474,Toscana,176,18/8/2020,10885,1139,0.0,20,33.333332,718,9028,474476,0.72709751
2488,Toscana,177,19/8/2020,10925,1139,0.0,25,25.0,746,9040,479103,0.97518104
2502,Toscana,178,20/8/2020,10984,1139,0.0,29,16.0,801,9044,483726,0.96492821
2516,Toscana,179,21/8/2020,11063,1139,0.0,33,13.793103,878,9046,487880,0.85875064
2530,Toscana,180,22/8/2020,11116,1139,0.0,36,9.090909,928,9049,492579,0.96314669
2544,Toscana,181,23/8/2020,11175,1139,0.0,42,16.666666,980,9056,496708,0.83824116
2558,Toscana,182,24/8/2020,11219,1139,0.0,44,4.7619047,1015,9065,499767,0.6158548
2572,Toscana,183,25/8/2020,11253,1139,0.0,46,4.5454545,1039,9075,503641,0.77516121
2586,Toscana,184,26/8/2020,11414,1140,0.087796316,49,6.521739,1191,9083,509725,1.2080033
2600,Toscana,185,27/8/2020,11513,1140,0.0,48,-2.0408163,1273,9100,515879,1.2073177
2614,Toscana,186,28/8/2020,11595,1141,0.087719299,51,6.25,1349,9105,521946,1.176051
2628,Toscana,187,29/8/2020,11687,1141,0.0,49,-3.9215686,1421,9125,528647,1.2838492
2642,Toscana,188,30/8/2020,11785,1141,0.0,53,8.1632652,1503,9141,535080,1.2168801
2656,Toscana,189,31/8/2020,11858,1141,0.0,60,13.207547,1574,9143,539518,0.82940871
2670,Toscana,190,01/9/2020,11898,1142,0.087642416,62,3.3333333,1581,9175,544447,0.91359323
2684,Toscana,191,02/9/2020,11967,1142,0.0,66,6.4516129,1636,9189,552076,1.4012383
2698,Toscana,192,03/9/2020,12080,1143,0.087565675,70,6.060606,1731,9206,560036,1.4418305
2712,Toscana,193,04/9/2020,12179,1143,0.0,75,7.1428571,1817,9219,567766,1.3802685
2726,Toscana,194,05/9/2020,12292,1143,0.0,77,2.6666667,1889,9260,576120,1.4713808
2740,Toscana,195,06/9/2020,12414,1143,0.0,85,10.38961,1994,9277,583923,1.3544053
2754,Toscana,196,07/9/2020,12499,1144,0.087489061,86,1.1764706,2070,9285,589018,0.87254655
2768,Toscana,197,08/9/2020,12558,1145,0.087412588,83,-3.4883721,2079,9334,594842,0.98876435
2782,Toscana,198,09/9/2020,12646,1147,0.17467248,80,-3.6144578,2141,9358,601979,1.1998144
2796,Toscana,199,10/9/2020,12738,1147,0.0,87,8.75,2214,9377,609191,1.1980485
2810,Toscana,200,11/9/2020,12885,1148,0.08718396,89,2.2988505,2312,9425,616766,1.2434524
2824,Toscana,201,12/9/2020,13023,1148,0.0,92,3.3707864,2402,9473,623464,1.0859872
2838,Toscana,202,13/9/2020,13114,1149,0.087108016,97,5.4347825,2459,9506,630201,1.0805756
2852,Toscana,203,14/9/2020,13173,1150,0.087032199,100,3.0927835,2500,9523,633578,0.53586078
2866,Toscana,204,15/9/2020,13214,1151,0.086956523,110,10.0,2527,9536,638071,0.7091471
2880,Toscana,205,16/9/2020,13304,1151,0.0,108,-1.8181819,2588,9565,644645,1.0302929
2894,Toscana,206,17/9/2020,13423,1152,0.086880974,109,0.92592591,2650,9621,652362,1.197093
2908,Toscana,207,18/9/2020,13522,1152,0.0,116,6.4220185,2700,9670,660245,1.2083782
2922,Toscana,208,19/9/2020,13665,1152,0.0,109,-6.034483,2827,9686,668896,1.3102711
2936,Toscana,209,20/9/2020,13812,1152,0.0,109,0.0,2956,9704,676932,1.2013825
2950,Toscana,210,21/9/2020,13896,1152,0.0,117,7.3394494,3018,9726,681070,0.61128742
2964,Toscana,211,22/9/2020,13970,1152,0.0,119,1.7094017,3058,9760,686702,0.8269341
2978,Toscana,212,23/9/2020,14060,1153,0.086805552,121,1.6806723,3054,9853,694204,1.092468
2992,Toscana,213,24/9/2020,14216,1153,0.0,119,-1.6528926,3156,9907,701914,1.1106246
3006,Toscana,214,25/9/2020,14355,1156,0.26019081,111,-6.7226892,3261,9938,709159,1.0321777
3020,Toscana,215,26/9/2020,14465,1157,0.08650519,108,-2.7027028,3327,9981,716112,0.98045713
3034,Toscana,216,27/9/2020,14566,1157,0.0,105,-2.7777777,3407,10002,723653,1.0530475
3048,Toscana,217,28/9/2020,14651,1160,0.25929126,115,9.5238094,3393,10098,728049,0.60747349
3062,Toscana,218,29/9/2020,14707,1164,0.34482759,117,1.7391304,3368,10175,732780,0.6498189
3076,Toscana,219,30/9/2020,14827,1164,0.0,119,1.7094017,3402,10261,740483,1.0512023
3090,Toscana,220,01/10/2020,14971,1165,0.085910656,128,7.563025,3468,10338,748736,1.1145428
3104,Toscana,221,02/10/2020,15185,1165,0.0,127,-0.78125,3631,10398,757609,1.1850638
3118,Toscana,222,03/10/2020,15391,1166,0.08583691,123,-3.1496062,3790,10435,766448,1.1666968
3132,Toscana,223,04/10/2020,15579,1166,0.0,125,1.6260163,3962,10451,774753,1.0835699
3146,Toscana,224,05/10/2020,15764,1168,0.17152658,144,15.2,4065,10531,780067,0.68589604
3160,Toscana,225,06/10/2020,15973,1168,0.0,145,0.69444442,4199,10606,787032,0.89287204
3174,Toscana,226,07/10/2020,16273,1170,0.17123288,151,4.1379309,4430,10673,797046,1.2723752
3188,Toscana,227,08/10/2020,16612,1170,0.0,159,5.2980132,4749,10693,806096,1.1354426
3202,Toscana,228,09/10/2020,17095,1173,0.25641027,170,6.9182391,5121,10801,816877,1.3374337
3216,Toscana,229,10/10/2020,17643,1173,0.0,190,11.764706,5640,10830,828114,1.3756049
3230,Toscana,230,11/10/2020,18160,1174,0.085251495,217,14.210526,6142,10844,839508,1.3758975
3244,Toscana,231,12/10/2020,18626,1180,0.51107323,245,12.903226,6504,10942,848466,1.0670536
3258,Toscana,232,13/10/2020,19106,1181,0.084745765,262,6.9387755,6917,11008,856638,0.96314996
3272,Toscana,233,14/10/2020,19681,1183,0.16934802,275,4.961832,7427,11071,867671,1.2879419
3286,Toscana,234,15/10/2020,20262,1185,0.16906171,322,17.09091,7906,11171,878817,1.2845883
3300,Toscana,235,16/10/2020,21017,1187,0.16877638,359,11.490684,8515,11315,890317,1.3085773
3314,Toscana,236,17/10/2020,21896,1189,0.16849199,394,9.7493038,9247,11460,903865,1.5217052
3328,Toscana,237,18/10/2020,22802,1194,0.42052144,440,11.675127,9986,11622,917245,1.4803096
3342,Toscana,238,19/10/2020,23788,1206,1.0050251,511,16.136364,10851,11731,927802,1.1509466
3356,Toscana,239,20/10/2020,24600,1208,0.16583748,547,7.0450096,11546,11846,939153,1.2234291
3370,Toscana,240,21/10/2020,25466,1221,1.0761589,579,5.8500915,12239,12006,950782,1.2382433
3384,Toscana,241,22/10/2020,26611,1229,0.65520066,606,4.6632123,13261,12121,962277,1.2090048
3398,Toscana,242,23/10/2020,27901,1237,0.65093571,656,8.2508249,14374,12290,973655,1.1824038
3412,Toscana,243,24/10/2020,29427,1248,0.88924819,727,10.823171,15688,12491,987024,1.3730736
3426,Toscana,244,25/10/2020,31290,1262,1.1217948,825,13.480055,17320,12708,1000835,1.3992567
3440,Toscana,245,26/10/2020,33461,1275,1.030111,889,7.757576,19376,12810,1013957,1.3111053
3454,Toscana,246,27/10/2020,35284,1290,1.1764706,923,3.824522,21040,12954,1027459,1.3316146
3468,Toscana,247,28/10/2020,36992,1297,0.54263568,987,6.9339113,22360,13335,1041270,1.3441899
3482,Toscana,248,29/10/2020,38958,1310,1.002313,1093,10.739615,23970,13678,1056864,1.4975942
3496,Toscana,249,30/10/2020,41723,1320,0.76335877,1160,6.1299176,26420,13983,1074698,1.6874452
3510,Toscana,250,31/10/2020,44263,1345,1.8939394,1209,4.2241378,27844,15074,1090874,1.505167
3524,Toscana,251,01/11/2020,46642,1363,1.33829,1279,5.7899089,29974,15305,1106715,1.4521384
3538,Toscana,252,02/11/2020,48651,1387,1.7608217,1399,9.3823299,31735,15529,1118732,1.085826
3552,Toscana,253,03/11/2020,50614,1403,1.1535689,1451,3.7169406,33917,15667,1133147,1.2885123
3566,Toscana,254,04/11/2020,52815,1445,2.9935851,1516,4.4796691,35480,15890,1148233,1.3313365
3580,Toscana,255,05/11/2020,55088,1470,1.7301039,1589,4.8153033,37482,16136,1164607,1.4260172
3594,Toscana,256,06/11/2020,57680,1502,2.1768708,1512,-4.8458152,39440,16738,1180350,1.3517865
3608,Toscana,257,07/11/2020,60467,1532,1.9973369,1582,4.6296296,41583,17352,1198493,1.5370865
3622,Toscana,258,08/11/2020,62946,1561,1.8929504,1700,7.4589128,43447,17938,1214035,1.2967952
3636,Toscana,259,09/11/2020,65190,1594,2.1140294,1776,4.4705882,44480,19116,1227725,1.1276445
3650,Toscana,260,10/11/2020,67413,1648,3.3877039,1824,2.7027028,46314,19451,1241973,1.1605204
3664,Toscana,261,11/11/2020,69920,1701,3.2160194,1874,2.7412281,47900,20319,1259794,1.4348943
3678,Toscana,262,12/11/2020,71852,1738,2.1751912,1909,1.8676628,48916,21198,1275580,1.253062
3692,Toscana,263,13/11/2020,74330,1793,3.164557,1921,0.62860137,50129,22408,1294003,1.4442842
3706,Toscana,264,14/11/2020,76750,1835,2.3424428,1945,1.2493494,51061,23854,1313187,1.4825313
3720,Toscana,265,15/11/2020,79403,1879,2.3978202,2008,3.2390745,52308,25216,1331924,1.4268341
3734,Toscana,266,16/11/2020,81836,1915,1.9159127,2061,2.6394422,53851,26070,1347451,1.1657572
3748,Toscana,267,17/11/2020,84197,1967,2.7154047,2069,0.38816109,54152,28078,1363146,1.1647919
3762,Toscana,268,18/11/2020,86705,2022,2.7961361,2087,0.86998552,54110,30573,1385511,1.64069
3776,Toscana,269,19/11/2020,88677,2073,2.5222552,2101,0.67081934,54124,32480,1403341,1.2868898
3790,Toscana,270,20/11/2020,90884,2121,2.3154848,2087,-0.66634935,53869,34894,1421783,1.3141496
3804,Toscana,271,21/11/2020,92776,2165,2.0744932,2094,0.33540967,53140,37471,1440310,1.3030821
3818,Toscana,272,22/11/2020,94705,2216,2.3556583,2083,-0.5253104,52724,39765,1457791,1.2136971
3832,Toscana,273,23/11/2020,96028,2264,2.166065,2128,2.1603456,52419,41345,1468342,0.72376633
3846,Toscana,274,24/11/2020,96990,2311,2.0759718,2067,-2.8665414,50706,43973,1480155,0.80451286
3860,Toscana,275,25/11/2020,97976,2378,2.8991778,2040,-1.3062409,49280,46318,1494998,1.0028003
3874,Toscana,276,26/11/2020,99327,2450,3.0277543,1993,-2.3039215,48135,48742,1511997,1.1370584
3888,Toscana,277,27/11/2020,100444,2516,2.6938775,1925,-3.4119418,46531,51397,1527078,0.99742264
3902,Toscana,278,28/11/2020,101640,2563,1.8680445,1872,-2.7532468,45072,54005,1543449,1.0720474
3916,Toscana,279,29/11/2020,102548,2601,1.4826375,1868,-0.21367522,43544,56403,1557825,0.93142045
3930,Toscana,280,30/11/2020,103441,2641,1.53787,1862,-0.32119915,42026,58774,1568208,0.66650617
3944,Toscana,281,01/12/2020,104099,2673,1.2116623,1830,-1.7185822,40201,61225,1578009,0.62498087
3958,Toscana,282,02/12/2020,104875,2718,1.6835017,1785,-2.4590163,37525,64632,1591558,0.85861361
3972,Toscana,283,03/12/2020,105804,2756,1.3980868,1739,-2.5770309,35430,67618,1606027,0.90910918
3986,Toscana,284,04/12/2020,106875,2798,1.5239477,1681,-3.3352501,33279,70798,1620101,0.876324
4000,Toscana,285,05/12/2020,107644,2839,1.4653324,1634,-2.7959547,30544,74261,1633330,0.81655401
4014,Toscana,286,06/12/2020,108397,2867,0.9862628,1612,-1.3463892,29199,76331,1645472,0.74338925
4028,Toscana,287,07/12/2020,108990,2898,1.0812696,1618,0.37220845,28084,78008,1653284,0.4747574
4042,Toscana,288,08/12/2020,109418,2933,1.2077295,1588,-1.8541409,26024,80461,1661394,0.49053884
4056,Toscana,289,09/12/2020,109923,2957,0.8182748,1600,0.75566751,24605,82361,1671272,0.59456098
4070,Toscana,290,10/12/2020,110440,3032,2.5363543,1570,-1.875,22332,85076,1680849,0.57303661
4084,Toscana,291,11/12/2020,111097,3082,1.6490765,1509,-3.8853502,20824,87191,1693046,0.72564518
4098,Toscana,292,12/12/2020,111671,3117,1.1356262,1449,-3.9761431,19092,89462,1705743,0.74995011
4112,Toscana,293,13/12/2020,112344,3151,1.0907924,1399,-3.4506557,18114,91079,1718159,0.72789395
4126,Toscana,294,14/12/2020,112789,3193,1.3329102,1403,0.2859185,17479,92117,1725291,0.41509545
4140,Toscana,295,15/12/2020,113121,3238,1.4093329,1370,-2.3521025,16264,93619,1733863,0.49684373
4154,Toscana,296,16/12/2020,113610,3285,1.4515133,1303,-4.890511,15035,95290,1746053,0.70305437
4168,Toscana,297,17/12/2020,114246,3348,1.9178082,1261,-3.2233307,14260,96638,1757598,0.66120559
4182,Toscana,298,18/12/2020,114760,3390,1.2544802,1200,-4.8374305,13519,97851,1768982,0.64770216
4196,Toscana,299,19/12/2020,115300,3415,0.73746312,1187,-1.0833334,13026,98859,1780010,0.62340939
4210,Toscana,300,20/12/2020,115783,3439,0.70278186,1150,-3.1171019,12806,99538,1790932,0.61359209
4224,Toscana,301,21/12/2020,116235,3473,0.9886595,1150,0.0,12396,100366,1797570,0.37064502
4238,Toscana,302,22/12/2020,116544,3495,0.63345808,1116,-2.9565217,11837,101212,1806133,0.47636533
4252,Toscana,303,23/12/2020,116979,3517,0.62947065,1069,-4.2114697,11357,102105,1818397,0.67901975
4266,Toscana,304,24/12/2020,117542,3552,0.99516636,1049,-1.8709074,10969,103021,1830077,0.64232397
4280,Toscana,305,25/12/2020,118155,3558,0.16891892,1009,-3.8131554,11269,103328,1841106,0.60265225
4294,Toscana,306,26/12/2020,118557,3580,0.61832488,991,-1.7839445,10878,104099,1846026,0.26723069
4308,Toscana,307,27/12/2020,118784,3588,0.22346368,1012,2.1190717,10800,104396,1849528,0.18970481
4322,Toscana,308,28/12/2020,118965,3617,0.80824971,1054,4.1501975,10284,105064,1853202,0.19864528
4336,Toscana,309,29/12/2020,119236,3632,0.41470832,1036,-1.7077799,10015,105589,1861004,0.42100105
4350,Toscana,310,30/12/2020,119696,3655,0.63325989,1029,-0.67567569,9737,106304,1872240,0.60376012
4364,Toscana,311,31/12/2020,120328,3673,0.49247605,988,-3.9844508,9678,106977,1883593,0.60638595
4378,Toscana,312,01/1/2021,120917,3700,0.73509395,953,-3.54251,9836,107381,1893356,0.51831794
4392,Toscana,313,02/1/2021,121415,3720,0.54054052,964,1.1542498,10021,107674,1898439,0.2684651
4406,Toscana,314,03/1/2021,121770,3730,0.26881722,981,1.7634854,9948,108092,1904826,0.3364343
4420,Toscana,315,04/1/2021,122083,3744,0.37533513,1018,3.7716615,9979,108360,1910036,0.27351579
4434,Toscana,316,05/1/2021,122420,3762,0.48076922,999,-1.8664048,9655,109021,1917959,0.41480893
4448,Toscana,317,06/1/2021,122831,3789,0.71770334,961,-3.8038039,9449,109593,1929121,0.58197284
4462,Toscana,318,07/1/2021,123498,3807,0.47505939,973,1.2486993,9500,110191,1937498,0.43423921
4476,Toscana,319,08/1/2021,123950,3830,0.60415024,946,-2.7749228,9235,110885,1945061,0.39034879
4490,Toscana,320,09/1/2021,124479,3840,0.2610966,931,-1.5856236,9105,111534,1956024,0.56363273
4504,Toscana,321,10/1/2021,124951,3855,0.390625,909,-2.3630505,9101,111995,1965493,0.48409426
4518,Toscana,322,11/1/2021,125330,3884,0.7522698,933,2.640264,9020,112426,1971143,0.28745967
4532,Toscana,323,12/1/2021,125633,3905,0.54067969,910,-2.4651661,8723,113005,1978712,0.38399041
4546,Toscana,324,13/1/2021,126140,3916,0.28169015,878,-3.5164835,8826,113398,1988970,0.51841801
4560,Toscana,325,14/1/2021,126564,3930,0.35750765,855,-2.61959,8685,113949,1998217,0.46491399
4574,Toscana,326,15/1/2021,127010,3940,0.25445291,844,-1.2865497,8598,114472,2007270,0.45305389
4588,Toscana,327,16/1/2021,127446,3957,0.43147209,831,-1.5402844,8639,114850,2016624,0.46600607
4602,Toscana,328,17/1/2021,127852,3972,0.37907505,816,-1.8050542,8204,115676,2026003,0.46508422
4616,Toscana,329,18/1/2021,128197,3994,0.55387712,845,3.5539215,8333,115870,2031060,0.24960476
4630,Toscana,330,19/1/2021,128438,4020,0.65097648,836,-1.0650887,8255,116163,2038683,0.37532127
4644,Toscana,331,20/1/2021,128881,4038,0.44776121,809,-3.229665,8282,116561,2048863,0.49934196
4658,Toscana,332,21/1/2021,129384,4052,0.3467063,775,-4.2027192,8303,117029,2058978,0.49368846
4672,Toscana,333,22/1/2021,129813,4068,0.39486673,752,-2.967742,8202,117543,2068043,0.44026697
4686,Toscana,334,23/1/2021,130333,4089,0.51622421,736,-2.1276596,8261,117983,2078051,0.48393577
4700,Toscana,335,24/1/2021,130859,4095,0.14673515,742,0.81521738,8417,118347,2087457,0.45263568
4714,Toscana,336,25/1/2021,131281,4109,0.34188035,770,3.7735848,8460,118712,2093370,0.28326333
4728,Toscana,337,26/1/2021,131627,4118,0.21903139,785,1.9480519,8426,119083,2101119,0.37016869
4742,Toscana,338,27/1/2021,132129,4130,0.29140359,779,-0.76433122,8405,119594,2111517,0.49487916
4756,Toscana,339,28/1/2021,132749,4146,0.38740921,772,-0.89858794,8674,119929,2121159,0.45663851
4770,Toscana,340,29/1/2021,133343,4172,0.62711048,759,-1.6839378,9002,120169,2131187,0.47276041
4784,Toscana,341,30/1/2021,133946,4194,0.52732503,743,-2.108037,9083,120669,2141135,0.46678212
4798,Toscana,342,31/1/2021,134456,4202,0.19074869,744,0.13458951,9175,121079,2151364,0.47773728
4812,Toscana,343,01/2/2021,134829,4217,0.35697287,757,1.7473118,9282,121330,2156970,0.26057887
4826,Toscana,344,02/2/2021,135228,4226,0.21342187,778,2.7741084,9202,121800,2164743,0.36036661
4840,Toscana,345,03/2/2021,135779,4247,0.4969238,772,-0.77120823,9345,122187,2175251,0.48541558
4854,Toscana,346,04/2/2021,136539,4269,0.5180127,754,-2.3316061,9690,122580,2185761,0.48316264
4868,Toscana,347,05/2/2021,137242,4285,0.37479502,748,-0.79575598,10092,122865,2195881,0.46299663
4882,Toscana,348,06/2/2021,137950,4296,0.25670946,752,0.53475934,10265,123389,2206468,0.48212996
4896,Toscana,349,07/2/2021,138618,4318,0.51210427,758,0.79787236,10440,123860,2216022,0.4329997
4910,Toscana,350,08/2/2021,139141,4333,0.34738305,803,5.9366755,10719,124089,2221804,0.26091799
4924,Toscana,351,09/2/2021,139594,4360,0.62312484,814,1.369863,10741,124493,2230318,0.38320211
4938,Toscana,352,10/2/2021,140265,4376,0.36697248,815,0.12285012,10923,124966,2243361,0.58480448
4952,Toscana,353,11/2/2021,141159,4383,0.15996344,808,-0.85889572,11361,125415,2255667,0.54855192
4966,Toscana,354,12/2/2021,141886,4400,0.38786221,811,0.37128714,11549,125937,2267211,0.5117777
4980,Toscana,355,13/2/2021,142650,4414,0.31818181,814,0.3699137,11899,126337,2279412,0.53815019
4994,Toscana,356,14/2/2021,143375,4431,0.38513818,823,1.1056511,12165,126779,2291264,0.51995867
5008,Toscana,357,15/2/2021,143803,4449,0.40622884,845,2.673147,12336,127018,2296489,0.22804007
5022,Toscana,358,16/2/2021,144247,4464,0.33715442,851,0.71005917,12311,127472,2305180,0.37844726
5036,Toscana,359,17/2/2021,145020,4486,0.49283153,836,-1.7626323,12396,128138,2318256,0.56724423
5050,Toscana,360,18/2/2021,145976,4497,0.24520731,861,2.9904306,12803,128676,2331158,0.55653906
5064,Toscana,361,19/2/2021,146900,4516,0.42250389,872,1.2775842,13210,129174,2344695,0.58069849
5078,Toscana,362,20/2/2021,147853,4531,0.33215234,893,2.4082568,13737,129585,2358166,0.57453102
5092,Toscana,363,21/2/2021,148821,4546,0.33105275,891,-0.22396417,14215,130060,2372529,0.60907501
5106,Toscana,364,22/2/2021,149732,4562,0.35195777,952,6.84624,14787,130383,2381623,0.38330406
5120,Toscana,365,23/2/2021,150556,4582,0.4384042,983,3.2563026,15121,130853,2393012,0.4782033
5134,Toscana,366,24/2/2021,151413,4599,0.37101701,1005,2.2380469,15405,131409,2406204,0.5512718
5148,Toscana,367,25/2/2021,152787,4613,0.304414,1012,0.69651741,16130,132044,2420676,0.60144526
5162,Toscana,368,26/2/2021,154041,4635,0.47691306,1007,-0.49407116,16883,132523,2434806,0.58372122
5176,Toscana,369,27/2/2021,155167,4655,0.43149945,1053,4.5680237,17429,133083,2449368,0.5980764
5190,Toscana,370,28/2/2021,156235,4668,0.27926961,1077,2.2792022,18049,133518,2463402,0.57296413
5204,Toscana,371,01/3/2021,157112,4686,0.38560411,1122,4.1782732,18465,133961,2473448,0.40781
5218,Toscana,372,02/3/2021,158170,4699,0.2774221,1163,3.6541889,18828,134643,2486630,0.53294027
5232,Toscana,373,03/3/2021,159333,4727,0.59587145,1192,2.4935513,19259,135347,2503162,0.66483551
5246,Toscana,374,04/3/2021,160572,4750,0.48656654,1202,0.8389262,19703,136119,2518302,0.60483503
5260,Toscana,375,05/3/2021,161803,4761,0.23157895,1236,2.828619,20152,136890,2533467,0.60219145
5274,Toscana,376,06/3/2021,163096,4784,0.4830918,1270,2.750809,20698,137614,2549193,0.6207304
5288,Toscana,377,07/3/2021,164451,4794,0.20903011,1308,2.992126,21413,138244,2565931,0.65659994
5302,Toscana,378,08/3/2021,165451,4816,0.45890698,1376,5.1987767,21923,138712,2577029,0.43251356
5316,Toscana,379,09/3/2021,166452,4837,0.43604651,1424,3.4883721,22157,139458,2590352,0.51699066
5330,Toscana,380,10/3/2021,167745,4857,0.41347942,1456,2.247191,22497,140391,2607212,0.65087682
5344,Toscana,381,11/3/2021,169047,4877,0.41177681,1488,2.1978023,22897,141273,2623187,0.61272347
5358,Toscana,382,12/3/2021,170351,4902,0.5126102,1510,1.4784946,23194,142255,2638802,0.59526825
5372,Toscana,383,13/3/2021,171677,4922,0.40799674,1549,2.5827816,23729,143026,2652952,0.53622818
5386,Toscana,384,14/3/2021,172982,4941,0.38602194,1599,3.2278891,24265,143776,2668531,0.58723265
5400,Toscana,385,15/3/2021,174088,4952,0.222627,1643,2.7517197,24566,144570,2679454,0.40932631
5414,Toscana,386,16/3/2021,175335,4970,0.36348951,1669,1.5824711,24895,145470,2692646,0.4923391
5428,Toscana,387,17/3/2021,176610,4991,0.42253521,1694,1.497903,24907,146712,2709044,0.60899204
5442,Toscana,388,18/3/2021,178123,5016,0.50090164,1700,0.35419127,25338,147769,2724346,0.56484872
5456,Toscana,389,19/3/2021,179488,5041,0.4984051,1694,-0.35294119,25639,148808,2739233,0.54644305
5470,Toscana,390,20/3/2021,180998,5059,0.357072,1664,-1.7709563,26051,149888,2754816,0.56888187
5484,Toscana,391,21/3/2021,182356,5095,0.71160311,1653,-0.66105771,26348,150913,2770172,0.55742377
5498,Toscana,392,22/3/2021,183496,5118,0.45142296,1706,3.2062917,26779,151599,2781894,0.42315063
5512,Toscana,393,23/3/2021,184558,5149,0.60570538,1729,1.3481829,26638,152771,2794145,0.44038343
5526,Toscana,394,24/3/2021,185755,5176,0.52437365,1741,0.6940428,26511,154068,2810514,0.58583218
5540,Toscana,395,25/3/2021,187273,5198,0.42503864,1727,-0.80413556,26762,155313,2826615,0.57288456
5554,Toscana,396,26/3/2021,188800,5220,0.42323971,1730,0.17371164,27226,156354,2841708,0.53396022
5568,Toscana,397,27/3/2021,190267,5239,0.36398467,1760,1.734104,27303,157725,2857376,0.55135852
5582,Toscana,398,28/3/2021,191635,5266,0.51536554,1769,0.51136363,27561,158808,2872604,0.53293651
5596,Toscana,399,29/3/2021,192656,5297,0.58868212,1794,1.4132278,27890,159469,2882927,0.35936037
5610,Toscana,400,30/3/2021,193836,5329,0.60411555,1807,0.72463769,27890,160617,2896149,0.4586311
5624,Toscana,401,31/3/2021,195374,5348,0.3565397,1825,0.99612617,28107,161919,2913359,0.59423739
5638,Toscana,402,01/4/2021,197005,5380,0.59835452,1849,1.3150685,28428,163197,2930468,0.58726025
5652,Toscana,403,02/4/2021,198645,5406,0.48327139,1861,0.64899945,28676,164563,2948602,0.61880898
5666,Toscana,404,03/4/2021,200118,5428,0.40695524,1881,1.0746911,28709,165981,2965617,0.57705313
5680,Toscana,405,04/4/2021,201744,5454,0.4789978,1888,0.37214246,29228,167062,2982006,0.55263376
5694,Toscana,406,05/4/2021,202725,5478,0.44004402,1948,3.1779661,29224,168023,2991118,0.30556613
5708,Toscana,407,06/4/2021,203410,5510,0.58415478,1991,2.2073922,29079,168821,2997923,0.22750691
5722,Toscana,408,07/4/2021,204347,5551,0.74410164,1999,0.40180814,28352,170444,3009894,0.39930978
5736,Toscana,409,08/4/2021,205500,5571,0.36029544,1992,-0.35017508,28203,171726,3026407,0.54862398
5750,Toscana,410,09/4/2021,206809,5604,0.59235328,1988,-0.20080322,28160,173045,3041438,0.49666154
5764,Toscana,411,10/4/2021,207986,5632,0.49964312,1974,-0.70422536,27912,174442,3056566,0.49739629
5778,Toscana,412,11/4/2021,209208,5662,0.53267044,1952,-1.1144884,27758,175788,3072859,0.53304917
5792,Toscana,413,12/4/2021,209923,5692,0.5298481,1984,1.6393442,27631,176600,3081750,0.28933966
5806,Toscana,414,13/4/2021,210857,5726,0.59732956,1947,-1.8649193,27414,177717,3094299,0.4072037
5820,Toscana,415,14/4/2021,212025,5758,0.55885434,1946,-0.051361069,27077,179190,3110136,0.51181221
5834,Toscana,416,15/4/2021,213231,5784,0.45154569,1919,-1.3874614,26786,180661,3125205,0.48451257
5848,Toscana,417,16/4/2021,214470,5804,0.34578148,1835,-4.3772798,26556,182110,3139057,0.44323492
5862,Toscana,418,17/4/2021,215620,5824,0.34458995,1815,-1.0899183,26370,183426,3154669,0.49734682
5876,Toscana,419,18/4/2021,216578,5852,0.48076922,1801,-0.77134985,26071,184655,3169031,0.45526171
5890,Toscana,420,19/4/2021,217349,5883,0.52973342,1850,2.7207108,25713,185753,3178641,0.30324727
5904,Toscana,421,20/4/2021,217993,5911,0.47594765,1822,-1.5135136,25071,187011,3189910,0.35452259
5918,Toscana,422,21/4/2021,218929,5942,0.52444595,1808,-0.76838636,24473,188514,3204506,0.45756778
5932,Toscana,423,22/4/2021,219970,5975,0.55536854,1781,-1.4933628,23989,190006,3218402,0.43363938
5946,Toscana,424,23/4/2021,220973,5992,0.28451884,1757,-1.3475575,23507,191474,3232282,0.43126991
5960,Toscana,425,24/4/2021,221859,6018,0.43391189,1729,-1.5936255,23047,192794,3246134,0.4285517
5974,Toscana,426,25/4/2021,222814,6040,0.36556995,1705,-1.3880856,22846,193928,3260676,0.44797903
5988,Toscana,427,26/4/2021,223551,6062,0.36423841,1728,1.3489736,22671,194818,3270570,0.30343401
6002,Toscana,428,27/4/2021,224073,6096,0.56087101,1706,-1.2731482,21766,196211,3280399,0.30052865
6016,Toscana,429,28/4/2021,224920,6128,0.52493441,1670,-2.1101992,21267,197525,3295815,0.46994284
6030,Toscana,430,29/4/2021,225972,6155,0.44060051,1616,-3.2335329,21127,198690,3310009,0.43066737
6044,Toscana,431,30/4/2021,226842,6184,0.47116166,1585,-1.9183168,20669,199989,3323633,0.41160008
6058,Toscana,432,01/5/2021,227737,6202,0.29107374,1527,-3.659306,20399,201136,3339412,0.47475156
6072,Toscana,433,02/5/2021,228467,6219,0.27410513,1546,1.2442698,20290,201958,3351045,0.34835473
6086,Toscana,434,03/5/2021,229037,6248,0.46631292,1555,0.58214748,19990,202799,3358534,0.22348252
6100,Toscana,435,04/5/2021,229540,6273,0.40012804,1503,-3.3440514,19536,203731,3368491,0.29646865
6114,Toscana,436,05/5/2021,230284,6308,0.55794674,1447,-3.7258816,18936,205040,3384070,0.46249196
6128,Toscana,437,06/5/2021,231145,6341,0.5231452,1415,-2.211472,18668,206136,3398979,0.44056419
6142,Toscana,438,07/5/2021,231860,6352,0.17347422,1366,-3.4628975,18147,207361,3411695,0.37411234
6156,Toscana,439,08/5/2021,232536,6373,0.33060452,1322,-3.2210834,17843,208320,3425524,0.40534103
6170,Toscana,440,09/5/2021,233249,6382,0.14122078,1296,-1.9667171,17453,209414,3439024,0.39410028
6184,Toscana,441,10/5/2021,233730,6402,0.31338137,1311,1.1574074,17148,210180,3447714,0.25268796
6198,Toscana,442,11/5/2021,234097,6423,0.32802248,1263,-3.6613271,16458,211216,3457620,0.28732082
6212,Toscana,443,12/5/2021,234592,6461,0.59162384,1202,-4.8297706,15916,212215,3471346,0.39697826
6226,Toscana,444,13/5/2021,235243,6482,0.32502708,1165,-3.078203,15430,213331,3484288,0.37282369
6240,Toscana,445,14/5/2021,235772,6499,0.26226473,1117,-4.1201715,14974,214299,3495732,0.32844588
6254,Toscana,446,15/5/2021,236263,6518,0.29235268,1064,-4.7448521,14531,215214,3508106,0.35397449
6268,Toscana,447,16/5/2021,236769,6526,0.12273704,1017,-4.4172931,14271,215972,3520667,0.35805646
6282,Toscana,448,17/5/2021,237151,6541,0.22984983,1031,1.3765979,14031,216579,3527614,0.19732057
6296,Toscana,449,18/5/2021,237442,6559,0.27518728,969,-6.0135789,13932,216951,3537023,0.2667242
6310,Toscana,450,19/5/2021,237783,6575,0.24393962,929,-4.1279669,13473,217735,3548616,0.3277615
6324,Toscana,451,20/5/2021,238342,6590,0.22813688,877,-5.5974164,12862,218890,3560764,0.34233063
6338,Toscana,452,21/5/2021,238734,6601,0.16691957,837,-4.5610032,12288,219845,3571114,0.29066795
6352,Toscana,453,22/5/2021,239092,6617,0.24238752,796,-4.898447,11552,220923,3582294,0.31306759
6366,Toscana,454,23/5/2021,239474,6625,0.12090071,760,-4.522613,11299,221550,3593308,0.30745661
6380,Toscana,455,24/5/2021,239719,6639,0.21132076,741,-2.5,10949,222131,3600159,0.19065997
6394,Toscana,456,25/5/2021,239934,6646,0.10543757,702,-5.2631578,10426,222862,3608569,0.2336008
6408,Toscana,457,26/5/2021,240192,6657,0.16551308,660,-5.9829059,9903,223632,3619475,0.30222505
6422,Toscana,458,27/5/2021,240511,6673,0.2403485,618,-6.3636365,9483,224355,3630084,0.29310882
6436,Toscana,459,28/5/2021,240812,6689,0.23977222,565,-8.5760517,9131,224992,3640360,0.28307885
6450,Toscana,460,29/5/2021,241012,6698,0.13454926,557,-1.4159292,8618,225696,3649460,0.24997528
6464,Toscana,461,30/5/2021,241275,6706,0.11943864,532,-4.4883304,8387,226182,3659733,0.28149369
6478,Toscana,462,31/5/2021,241422,6719,0.19385625,540,1.5037594,8102,226601,3665106,0.14681399
6492,Toscana,463,01/6/2021,241581,6725,0.089299001,504,-6.6666665,7613,227243,3672453,0.20045805
6506,Toscana,464,02/6/2021,241743,6729,0.059479553,477,-5.3571429,7119,227895,3681697,0.25171188
6520,Toscana,465,03/6/2021,241929,6736,0.10402735,469,-1.6771488,6794,228399,3688767,0.19203101
6534,Toscana,466,04/6/2021,242062,6741,0.074228026,445,-5.1172709,6426,228895,3696227,0.20223559
6548,Toscana,467,05/6/2021,242216,6749,0.11867675,407,-8.5393257,6147,229320,3704595,0.22639303
6562,Toscana,468,06/6/2021,242409,6758,0.13335308,384,-5.6511059,5985,229666,3713903,0.25125554
6576,Toscana,469,07/6/2021,242569,6764,0.088783666,386,0.52083331,5824,229981,3718897,0.13446771
6590,Toscana,470,08/6/2021,242659,6775,0.16262567,374,-3.1088083,5544,230340,3725917,0.18876565
6604,Toscana,471,09/6/2021,242786,6784,0.13284133,341,-8.8235292,5237,230765,3734470,0.22955422
6618,Toscana,472,10/6/2021,242960,6796,0.1768868,331,-2.9325514,4972,231192,3742654,0.21914756
6632,Toscana,473,11/6/2021,243106,6805,0.13243084,305,-7.8549848,4786,231515,3749771,0.19015917
6646,Toscana,474,12/6/2021,243252,6810,0.073475383,274,-10.163935,4573,231869,3756698,0.18473127
6660,Toscana,475,13/6/2021,243375,6816,0.088105723,261,-4.7445254,4458,232101,3764369,0.20419528
6674,Toscana,476,14/6/2021,243457,6819,0.044014085,253,-3.065134,4206,232432,3768423,0.10769401
6688,Toscana,477,15/6/2021,243514,6826,0.10265435,240,-5.13834,4056,232632,3774995,0.17439656
6702,Toscana,478,16/6/2021,243620,6832,0.087899208,223,-7.0833335,3861,232927,3782383,0.19570887
6716,Toscana,479,17/6/2021,243680,6838,0.087822013,200,-10.313901,3641,233201,3789919,0.19923948
6730,Toscana,480,18/6/2021,243747,6841,0.043872476,189,-5.5,3470,233436,3796151,0.16443624
6744,Toscana,481,19/6/2021,243809,6842,0.014617746,182,-3.7037036,3288,233679,3802909,0.17802243
6758,Toscana,482,20/6/2021,243864,6847,0.073078044,172,-5.4945054,3270,233747,3809263,0.16708262
6772,Toscana,483,21/6/2021,243909,6847,0.0,171,-0.58139533,3027,234035,3813091,0.10049188
6786,Toscana,484,22/6/2021,243934,6849,0.029209873,164,-4.0935674,2851,234234,3819761,0.1749237
6800,Toscana,485,23/6/2021,243984,6853,0.058402687,150,-8.5365858,2653,234478,3826574,0.17836194
6814,Toscana,486,24/6/2021,244057,6854,0.014592149,142,-5.3333335,2555,234648,3833408,0.17859317
6828,Toscana,487,25/6/2021,244099,6860,0.08754012,132,-7.0422535,2446,234793,3838523,0.13343218
6842,Toscana,488,26/6/2021,244151,6860,0.0,124,-6.060606,2418,234873,3844268,0.14966694
6856,Toscana,489,27/6/2021,244186,6861,0.014577259,120,-3.2258065,2385,234940,3849989,0.14881897
6870,Toscana,490,28/6/2021,244219,6862,0.014575135,122,1.6666666,2115,235242,3853443,0.089714542
6884,Toscana,491,29/6/2021,244237,6864,0.029146021,126,3.2786884,1972,235401,3859419,0.15508209
6898,Toscana,492,30/6/2021,244274,6868,0.058275059,114,-9.5238094,1810,235596,3866124,0.17373081
6912,Toscana,493,01/7/2021,244327,6870,0.029120559,109,-4.3859649,1744,235713,3872576,0.1668855
6926,Toscana,494,02/7/2021,244385,6871,0.014556041,101,-7.3394494,1686,235828,3877361,0.12356117
6940,Toscana,495,03/7/2021,244435,6874,0.043661766,103,1.980198,1601,235960,3882806,0.14043057
6954,Toscana,496,04/7/2021,244484,6875,0.014547571,95,-7.7669902,1567,236042,3888495,0.14651775
6968,Toscana,497,05/7/2021,244525,6883,0.11636364,100,5.2631578,1509,236133,3891717,0.082859822
6982,Toscana,498,06/7/2021,244584,6886,0.043585647,91,-9.0,1481,236217,3897657,0.15263186
6996,Toscana,499,07/7/2021,244625,6887,0.014522219,86,-5.4945054,1440,236298,3903447,0.14855078
7010,Toscana,500,08/7/2021,244719,6887,0.0,83,-3.4883721,1486,236346,3909551,0.1563746
7024,Toscana,501,09/7/2021,244798,6888,0.014520111,83,0.0,1495,236415,3914715,0.13208678
7038,Toscana,502,10/7/2021,244861,6888,0.0,85,2.4096386,1528,236445,3920144,0.13868187
7052,Toscana,503,11/7/2021,244948,6889,0.014518002,81,-4.7058825,1501,236558,3925194,0.12882181
7066,Toscana,504,12/7/2021,245014,6891,0.029031789,80,-1.2345679,1471,236652,3928173,0.075894341
7080,Toscana,505,13/7/2021,245079,6892,0.014511682,72,-10.0,1468,236719,3933342,0.13158789
7094,Toscana,506,14/7/2021,245169,6896,0.058038305,71,-1.3888888,1481,236792,3939739,0.16263524
7108,Toscana,507,15/7/2021,245342,6897,0.01450116,77,8.4507046,1567,236878,3945965,0.15803078
7122,Toscana,508,16/7/2021,245511,6898,0.014499058,76,-1.2987013,1674,236939,3951594,0.14265205
7136,Toscana,509,17/7/2021,245733,6898,0.0,80,5.2631578,1846,236989,3956913,0.1346039
7150,Toscana,510,18/7/2021,245976,6898,0.0,82,2.5,2056,237022,3962792,0.14857541
7164,Toscana,511,19/7/2021,246167,6899,0.014496956,90,9.7560978,2213,237055,3966149,0.084712997
7178,Toscana,512,20/7/2021,246336,6899,0.0,85,-5.5555553,2335,237102,3972201,0.15259135
7192,Toscana,513,21/7/2021,246642,6899,0.0,91,7.0588236,2550,237193,3979290,0.17846529
7206,Toscana,514,22/7/2021,247147,6901,0.028989708,90,-1.0989012,2917,237329,3987063,0.19533636
7220,Toscana,515,23/7/2021,247617,6901,0.0,98,8.8888893,3372,237344,3993916,0.1718809
7234,Toscana,516,24/7/2021,248058,6901,0.0,99,1.0204082,3673,237484,4000803,0.17243728
7248,Toscana,517,25/7/2021,248571,6903,0.028981308,112,13.131313,4127,237541,4008385,0.18951195
7262,Toscana,518,26/7/2021,248932,6904,0.014486455,119,6.25,4407,237621,4012509,0.10288433
7276,Toscana,519,27/7/2021,249203,6908,0.057937428,128,7.563025,4595,237700,4019484,0.17383139
7290,Toscana,520,28/7/2021,249864,6910,0.028951939,121,-5.46875,5118,237836,4028165,0.21597299
7304,Toscana,521,29/7/2021,250612,6911,0.01447178,125,3.3057852,5777,237924,4036821,0.21488693
7318,Toscana,522,30/7/2021,251332,6912,0.014469686,141,12.8,6441,237979,4045172,0.2068707
7332,Toscana,523,31/7/2021,251973,6913,0.014467592,154,9.2198582,6972,238088,4053497,0.20580089
7346,Toscana,524,01/8/2021,252675,6913,0.0,167,8.4415588,7568,238194,4062034,0.21060827
7360,Toscana,525,02/8/2021,253127,6919,0.086792998,179,7.1856289,7854,238354,4066937,0.12070308
7374,Toscana,526,03/8/2021,253453,6919,0.0,193,7.821229,8013,238521,4073769,0.16798884
7388,Toscana,527,04/8/2021,254218,6921,0.028905911,198,2.5906737,8541,238756,4083209,0.23172644
7402,Toscana,528,05/8/2021,254983,6924,0.043346338,223,12.626263,9092,238967,4092215,0.22056182
7416,Toscana,529,06/8/2021,255717,6926,0.028885037,229,2.690583,9682,239109,4101379,0.22393741
7430,Toscana,530,07/8/2021,256431,6927,0.014438348,249,8.7336245,10112,239392,4110789,0.22943503
7444,Toscana,531,08/8/2021,257096,6929,0.028872527,258,3.6144578,10581,239586,4119671,0.21606557
7458,Toscana,532,09/8/2021,257588,6932,0.043296292,283,9.6899223,10810,239846,4125009,0.12957345
7472,Toscana,533,10/8/2021,258099,6937,0.072129257,292,3.180212,11040,240122,4132034,0.17030266
7486,Toscana,534,11/8/2021,258873,6938,0.014415453,289,-1.0273973,11464,240471,4142212,0.24631937
7500,Toscana,535,12/8/2021,259749,6940,0.028826751,291,0.69204152,11895,240914,4151321,0.21990666
7514,Toscana,536,13/8/2021,260568,6944,0.057636887,295,1.3745705,12117,241507,4160364,0.21783428
7528,Toscana,537,14/8/2021,261251,6949,0.072004609,301,2.0338984,12189,242113,4168591,0.19774713
7542,Toscana,538,15/8/2021,261976,6950,0.01439056,320,6.3122926,12381,242645,4177228,0.20719232
7556,Toscana,539,16/8/2021,262503,6953,0.043165468,334,4.375,12388,243162,4182129,0.11732661
7570,Toscana,540,17/8/2021,262899,6958,0.071911402,347,3.8922155,12274,243667,4188441,0.15092792
7584,Toscana,541,18/8/2021,263574,6960,0.028743891,354,2.0172911,12168,244446,4198156,0.23194788
7598,Toscana,542,19/8/2021,264418,6966,0.086206898,360,1.6949153,12356,245096,4207562,0.22405075
7612,Toscana,543,20/8/2021,265118,6970,0.057421762,371,3.0555556,12374,245774,4215329,0.18459621
7626,Toscana,544,21/8/2021,265757,6974,0.057388809,374,0.80862534,12265,246518,4223397,0.19139668
7640,Toscana,545,22/8/2021,266351,6975,0.014338973,392,4.8128343,12265,247111,4231180,0.18428294
7654,Toscana,546,23/8/2021,266785,6978,0.043010753,407,3.8265307,12197,247610,4236438,0.12426794
7668,Toscana,547,24/8/2021,267322,6986,0.11464603,426,4.6683044,12111,248225,4244261,0.18465985
7682,Toscana,548,25/8/2021,267976,6993,0.1002004,419,-1.6431925,11832,249151,4254352,0.23775634
7696,Toscana,549,26/8/2021,268653,6995,0.028600028,440,5.0119333,11752,249906,4263297,0.21025528
7710,Toscana,550,27/8/2021,269405,6999,0.057183702,447,1.5909091,11586,250820,4271912,0.20207365
7724,Toscana,551,28/8/2021,270006,7003,0.057151023,460,2.9082775,11486,251517,4280565,0.20255567
7738,Toscana,552,29/8/2021,270534,7005,0.028559189,472,2.6086957,11580,251949,4289314,0.2043889
7752,Toscana,553,30/8/2021,270882,7008,0.042826552,478,1.2711865,11416,252458,4294450,0.11973943
7766,Toscana,554,31/8/2021,271265,7013,0.071347035,473,-1.0460252,11129,253123,4303233,0.20451979
7780,Toscana,555,01/9/2021,271803,7020,0.099814631,466,-1.4799154,10981,253802,4312734,0.22078748
7794,Toscana,556,02/9/2021,272418,7025,0.071225069,461,-1.0729613,10921,254472,4321779,0.20972775
7808,Toscana,557,03/9/2021,272943,7027,0.028469751,456,-1.0845987,10846,255070,4330848,0.20984414
7822,Toscana,558,04/9/2021,273434,7028,0.014230824,459,0.65789473,10875,255531,4339091,0.19033223
7836,Toscana,559,05/9/2021,273991,7031,0.042686399,450,-1.9607843,10952,256008,4348231,0.2106432
7850,Toscana,560,06/9/2021,274304,7035,0.056890912,452,0.44444445,10788,256481,4353443,0.11986484
7864,Toscana,561,07/9/2021,274607,7043,0.11371713,447,-1.1061947,10447,257117,4361014,0.17390832
7878,Toscana,562,08/9/2021,275015,7045,0.02839699,448,0.22371365,10179,257791,4370345,0.213964
7892,Toscana,563,09/9/2021,275510,7051,0.085166782,448,0.0,9967,258492,4379388,0.2069173
7906,Toscana,564,10/9/2021,275933,7054,0.042547155,442,-1.3392857,9772,259107,4386864,0.17070879
7920,Toscana,565,11/9/2021,276362,7057,0.042529061,434,-1.8099548,9515,259790,4395236,0.19084248
7934,Toscana,566,12/9/2021,276793,7060,0.042510983,429,-1.1520737,9389,260344,4403867,0.1963717
7948,Toscana,567,13/9/2021,277000,7063,0.042492919,436,1.6317016,9378,260559,4407947,0.092645846
7962,Toscana,568,14/9/2021,277279,7069,0.084949739,420,-3.6697247,9084,261126,4415046,0.16105004
7976,Toscana,569,15/9/2021,277652,7077,0.11317018,406,-3.3333333,8833,261742,4424874,0.22260244
7990,Toscana,570,16/9/2021,278087,7086,0.12717253,398,-1.9704434,8732,262269,4432620,0.17505583
8004,Toscana,571,17/9/2021,278581,7095,0.127011,402,1.0050251,8567,262919,4441325,0.19638498
8018,Toscana,572,18/9/2021,278907,7100,0.070472166,395,-1.7412935,8482,263325,4449026,0.1733942
8032,Toscana,573,19/9/2021,279325,7105,0.070422538,385,-2.5316455,8482,263738,4457511,0.19071589
8046,Toscana,574,20/9/2021,279556,7110,0.070372976,387,0.51948053,8294,264152,4461821,0.096690729
8060,Toscana,575,21/9/2021,279771,7113,0.042194095,389,0.51679587,8080,264578,4469224,0.1659188
8074,Toscana,576,22/9/2021,280096,7120,0.098411359,372,-4.3701801,7914,265062,4477744,0.19063713
8088,Toscana,577,23/9/2021,280400,7126,0.084269665,357,-4.032258,7782,265492,4485934,0.1829046
8102,Toscana,578,24/9/2021,280734,7128,0.028066237,348,-2.5210085,7720,265886,4493879,0.17710915
8116,Toscana,579,25/9/2021,281024,7135,0.098204263,337,-3.1609194,7594,266295,4501914,0.17879876
8130,Toscana,580,26/9/2021,281287,7142,0.098107919,321,-4.7477746,7440,266705,4510292,0.18609862
8144,Toscana,581,27/9/2021,281451,7148,0.08401008,334,4.0498443,7360,266943,4515431,0.1139394
8158,Toscana,582,28/9/2021,281641,7157,0.12590934,324,-2.9940119,7105,267379,4523028,0.16824529
8172,Toscana,583,29/9/2021,281889,7162,0.069861673,292,-9.876543,6911,267816,4532372,0.20658727
8186,Toscana,584,30/9/2021,282212,7169,0.097738065,271,-7.191781,6790,268253,4541678,0.20532295
8200,Toscana,585,01/10/2021,282467,7175,0.083693683,265,-2.2140222,6697,268595,4549954,0.18222339
8214,Toscana,586,02/10/2021,282744,7176,0.013937282,263,-0.75471699,6648,268920,4558700,0.19222173
8228,Toscana,587,03/10/2021,283004,7180,0.055741359,264,0.38022813,6597,269227,4567536,0.19382718
8242,Toscana,588,04/10/2021,283135,7184,0.055710308,269,1.8939394,6468,269483,4571937,0.096353918
8256,Toscana,589,05/10/2021,283289,7187,0.041759465,268,-0.37174723,6305,269797,4579147,0.15770121
8270,Toscana,590,06/10/2021,283518,7192,0.069570057,263,-1.8656716,6166,270160,4587895,0.19103995
8284,Toscana,591,07/10/2021,283746,7197,0.069521688,255,-3.0418251,6056,270493,4596238,0.18184811
8298,Toscana,592,08/10/2021,284021,7201,0.055578712,252,-1.1764706,5991,270829,4604346,0.17640513
8312,Toscana,593,09/10/2021,284250,7202,0.01388696,250,-0.79365081,5901,271147,4612612,0.17952605
8326,Toscana,594,10/10/2021,284458,7206,0.05554013,241,-3.5999999,5842,271410,4620957,0.18091701
8340,Toscana,595,11/10/2021,284620,7212,0.083263949,245,1.6597511,5740,271668,4626032,0.10982574
8354,Toscana,596,12/10/2021,284755,7216,0.055463117,232,-5.3061223,5632,271907,4633477,0.16093706
8368,Toscana,597,13/10/2021,284970,7218,0.027716186,227,-2.1551723,5573,272179,4642186,0.1879582
8382,Toscana,598,14/10/2021,285199,7222,0.055417012,209,-7.9295154,5534,272443,4650994,0.1897382
8396,Toscana,599,15/10/2021,285429,7225,0.04153974,216,3.3492823,5478,272726,4659657,0.18626127
8410,Toscana,600,16/10/2021,285641,7225,0.0,215,-0.46296296,5354,273062,4668232,0.18402642
8424,Toscana,601,17/10/2021,285873,7231,0.083044983,219,1.8604652,5354,273288,4677166,0.19137867
8438,Toscana,602,18/10/2021,286018,7235,0.055317383,233,6.392694,5290,273493,4682598,0.1161387
8452,Toscana,603,19/10/2021,286168,7237,0.027643399,231,-0.85836911,5225,273706,4690265,0.1637339
8466,Toscana,604,20/10/2021,286392,7239,0.027635761,233,0.86580086,5124,274029,4698712,0.18009643
8480,Toscana,605,21/10/2021,286669,7242,0.041442189,232,-0.42918456,5070,274357,4707436,0.1856679
8494,Toscana,606,22/10/2021,286946,7245,0.04142502,235,1.2931035,5063,274638,4716154,0.18519635
8508,Toscana,607,23/10/2021,287231,7250,0.069013111,241,2.5531914,5078,274903,4724096,0.16839993
8522,Toscana,608,24/10/2021,287511,7251,0.013793103,248,2.9045644,5140,275120,4732454,0.17692274
8536,Toscana,609,25/10/2021,287722,7254,0.041373603,259,4.4354839,5114,275354,4737406,0.10463916
8550,Toscana,610,26/10/2021,287914,7258,0.055141989,258,-0.38610038,5075,275581,4744735,0.15470491
8564,Toscana,611,27/10/2021,288216,7266,0.1102232,260,0.77519381,5124,275826,4753316,0.1808531
8578,Toscana,612,28/10/2021,288589,7272,0.082576387,251,-3.4615386,5277,276040,4762535,0.19394882
8592,Toscana,613,29/10/2021,288965,7275,0.041254126,258,2.7888446,5490,276200,4770758,0.17266014
8606,Toscana,614,30/10/2021,289252,7277,0.027491409,269,4.263566,5569,276406,4778960,0.17192237
8620,Toscana,615,31/10/2021,289637,7279,0.027483853,270,0.37174723,5796,276562,4787522,0.17916033
8634,Toscana,616,01/11/2021,289841,7283,0.054952603,283,4.814815,5897,276661,4791946,0.092406884
8648,Toscana,617,02/11/2021,290031,7287,0.054922421,299,5.6537104,5902,276842,4796760,0.10046023
8662,Toscana,618,03/11/2021,290321,7297,0.13723068,297,-0.66889632,5927,277097,4805500,0.18220632
8676,Toscana,619,04/11/2021,290706,7298,0.013704262,300,1.010101,6085,277323,4814418,0.18557902
8690,Toscana,620,05/11/2021,291087,7301,0.041107152,298,-0.66666669,6245,277541,4822377,0.16531593
8704,Toscana,621,06/11/2021,291546,7303,0.027393507,301,1.0067114,6424,277819,4831312,0.18528207
8718,Toscana,622,07/11/2021,291919,7305,0.027386006,298,-0.99667776,6697,277917,4840710,0.19452272
8732,Toscana,623,08/11/2021,292182,7308,0.04106776,305,2.3489933,6639,278235,4846467,0.11892883
8746,Toscana,624,09/11/2021,292416,7311,0.041050903,305,0.0,6643,278462,4852988,0.13455163
8760,Toscana,625,10/11/2021,292834,7316,0.068390094,293,-3.9344263,6811,278707,4862604,0.19814597
8774,Toscana,626,11/11/2021,293343,7320,0.054674685,295,0.68259388,6980,279043,4873078,0.215399
8788,Toscana,627,12/11/2021,293773,7325,0.068306014,285,-3.3898306,7127,279321,4882412,0.19154218
8802,Toscana,628,13/11/2021,294204,7328,0.040955633,293,2.8070176,7263,279613,4891304,0.18212309
8816,Toscana,629,14/11/2021,294637,7331,0.040938865,293,0.0,7579,279727,4900669,0.19146223
8830,Toscana,630,15/11/2021,294928,7335,0.054562815,297,1.3651878,7427,280166,4906578,0.12057538
8844,Toscana,631,16/11/2021,295233,7344,0.12269939,301,1.3468014,7467,280422,4915379,0.17937145
8858,Toscana,632,17/11/2021,295605,7355,0.14978214,305,1.3289037,7469,280781,4925553,0.20698301
8872,Toscana,633,18/11/2021,295946,7361,0.081577159,309,1.3114754,7545,281040,4934663,0.18495385
8886,Toscana,634,19/11/2021,296464,7364,0.040755332,301,-2.5889966,7746,281354,4944854,0.20651866
8900,Toscana,635,20/11/2021,296887,7365,0.013579576,297,-1.3289037,7847,281675,4953857,0.18206806
8914,Toscana,636,21/11/2021,297408,7368,0.040733196,292,-1.6835017,8180,281860,4963473,0.19411138
8928,Toscana,637,22/11/2021,297716,7375,0.09500543,299,2.3972602,8125,282216,4968788,0.10708228
8942,Toscana,638,23/11/2021,298086,7379,0.054237287,303,1.3377926,8184,282523,4977415,0.17362383
8956,Toscana,639,24/11/2021,298477,7383,0.054207888,300,-0.99009901,8100,282994,4986320,0.17890812
8970,Toscana,640,25/11/2021,299087,7385,0.027089259,301,0.33333334,8321,283381,4996763,0.209433
8984,Toscana,641,26/11/2021,299575,7388,0.040622883,297,-1.3289037,8400,283787,5006298,0.19082354
8998,Toscana,642,27/11/2021,300052,7398,0.13535462,294,-1.010101,8684,283970,5015494,0.18368863
9012,Toscana,643,28/11/2021,300647,7399,0.013517166,295,0.34013605,9103,284145,5024544,0.18044084
9026,Toscana,644,29/11/2021,300975,7399,0.0,311,5.4237289,8829,284747,5029276,0.094177701
9040,Toscana,645,30/11/2021,301496,7402,0.040546019,317,1.9292605,9033,285061,5038753,0.18843667
9054,Toscana,646,01/12/2021,302055,7409,0.094569035,307,-3.1545742,9185,285461,5049289,0.20909935
9068,Toscana,647,02/12/2021,302670,7415,0.080982588,298,-2.931596,9410,285845,5060152,0.2151392
9082,Toscana,648,03/12/2021,303379,7418,0.04045853,294,-1.3422819,9892,286069,5070759,0.20961821
9096,Toscana,649,04/12/2021,304056,7420,0.026961446,295,0.34013605,10042,286594,5081255,0.2069907
9110,Toscana,650,05/12/2021,304725,7423,0.040431269,299,1.3559322,10515,286787,5090937,0.19054347
9124,Toscana,651,06/12/2021,305269,7430,0.094301492,300,0.33444816,10551,287288,5096937,0.1178565
9138,Toscana,652,07/12/2021,305767,7432,0.026917901,312,4.0,10677,287658,5105540,0.16878764
9152,Toscana,653,08/12/2021,306558,7437,0.067276642,317,1.6025641,11007,288114,5117180,0.22798763
9166,Toscana,654,09/12/2021,307217,7441,0.053785127,325,2.5236592,11278,288498,5125265,0.15799718
9180,Toscana,655,10/12/2021,308087,7447,0.080634326,334,2.7692308,11744,288896,5135729,0.20416506
9194,Toscana,656,11/12/2021,309011,7449,0.026856452,323,-3.2934132,12291,289271,5147008,0.21961829
9208,Toscana,657,12/12/2021,309842,7454,0.0671231,342,5.8823528,12907,289481,5157669,0.20713004
9222,Toscana,658,13/12/2021,310545,7458,0.053662464,354,3.5087719,13150,289937,5164793,0.13812441
9236,Toscana,659,14/12/2021,311207,7461,0.04022526,359,1.4124293,13295,290451,5175290,0.20324145
9250,Toscana,660,15/12/2021,312243,7468,0.093821205,371,3.3426185,13733,291042,5188100,0.24752235
9264,Toscana,661,16/12/2021,313465,7475,0.093733259,371,0.0,14400,291590,5200717,0.24319115
9278,Toscana,662,17/12/2021,314692,7479,0.053511705,390,5.121294,15080,292133,5213951,0.25446492
9292,Toscana,663,18/12/2021,315974,7483,0.053483088,389,-0.25641027,15889,292602,5225978,0.2306696
9306,Toscana,664,19/12/2021,317344,7487,0.053454496,386,-0.77120823,16988,292869,5238903,0.24732213
9320,Toscana,665,20/12/2021,318299,7493,0.080138907,406,5.1813474,17187,293619,5246464,0.14432411
9334,Toscana,666,21/12/2021,319615,7497,0.053383157,424,4.4334974,18181,293937,5258930,0.23760766
9348,Toscana,667,22/12/2021,321653,7502,0.066693343,437,3.0660377,19536,294615,5274952,0.30466273
9362,Toscana,668,23/12/2021,324433,7507,0.066648893,453,3.6613271,21665,295261,5293011,0.34235382
9376,Toscana,669,24/12/2021,327770,7510,0.039962701,484,6.843267,24354,295906,5311996,0.35868055
9390,Toscana,670,25/12/2021,331208,7513,0.039946739,481,-0.61983472,27204,296491,5330703,0.35216516
9404,Toscana,671,26/12/2021,334283,7516,0.039930787,515,7.0686069,29990,296777,5342776,0.22648045
9418,Toscana,672,27/12/2021,337126,7525,0.11974455,569,10.485436,32273,297328,5353615,0.20287207
9432,Toscana,673,28/12/2021,341579,7531,0.079734221,600,5.4481544,36135,297913,5370673,0.31862584
9446,Toscana,674,29/12/2021,348883,7540,0.11950604,627,4.5,42636,298707,5394707,0.44750443
9460,Toscana,675,30/12/2021,364713,7549,0.1193634,676,7.814992,58039,299125,5419833,0.46575281
9474,Toscana,676,31/12/2021,381599,7558,0.11922109,712,5.3254437,74300,299741,5448312,0.52545899
9488,Toscana,677,01/1/2022,396593,7562,0.052924056,734,3.0898876,88876,300155,5471303,0.4219839
9502,Toscana,678,02/1/2022,402960,7568,0.079344086,780,6.2670298,94797,300595,5489260,0.32820335
9516,Toscana,679,03/1/2022,409912,7574,0.079281181,839,7.5641026,100783,301555,5504933,0.28552118
9530,Toscana,680,04/1/2022,428780,7588,0.18484288,907,8.104887,119032,302160,5527324,0.40674427
9544,Toscana,681,05/1/2022,445737,7599,0.14496574,961,5.9536934,133132,305006,5549004,0.39223319
9558,Toscana,682,06/1/2022,463023,7617,0.23687327,1001,4.1623311,145614,309793,5571893,0.41248843
9572,Toscana,683,07/1/2022,470590,7630,0.17067087,1066,6.4935064,151568,311392,5590473,0.33345938
9586,Toscana,684,08/1/2022,486482,7638,0.10484928,1107,3.8461537,164003,314841,5607999,0.31349763
9600,Toscana,685,09/1/2022,498936,7651,0.17020163,1151,3.9747064,175048,316237,5629014,0.37473258
9614,Toscana,686,10/1/2022,504726,7669,0.23526336,1197,3.9965248,173897,323160,5644736,0.27930292
9628,Toscana,687,11/1/2022,521016,7684,0.19559264,1230,2.7568922,175806,337526,5665687,0.37115997
9642,Toscana,688,12/1/2022,534357,7755,0.92399794,1276,3.7398374,178714,347888,5690755,0.44245297
9656,Toscana,689,13/1/2022,547508,7775,0.25789812,1296,1.5673981,180914,358819,5715108,0.42793971
9670,Toscana,690,14/1/2022,559367,7799,0.30868167,1315,1.4660494,185878,365690,5737778,0.39666793
9684,Toscana,691,15/1/2022,571128,7818,0.24362098,1349,2.5855513,179001,384309,5760102,0.38907048
9698,Toscana,692,16/1/2022,581415,7850,0.40931183,1368,1.4084507,178444,395121,5780702,0.35763255
9712,Toscana,693,17/1/2022,587041,7863,0.1656051,1441,5.3362575,178771,400407,5796672,0.27626401
9726,Toscana,694,18/1/2022,601840,7892,0.36881599,1449,0.55517,179815,414133,5816686,0.34526709
9740,Toscana,695,19/1/2022,614404,7925,0.41814497,1441,-0.55210489,176359,430120,5837603,0.35960338
9754,Toscana,696,20/1/2022,628124,7949,0.30283913,1454,0.90215129,179991,440184,5860524,0.39264405
9768,Toscana,697,21/1/2022,641153,7983,0.42772675,1465,0.75653368,180388,452782,5882398,0.37324306
9782,Toscana,698,22/1/2022,653343,8007,0.30063885,1475,0.68259388,178714,466622,5904277,0.37194017
9796,Toscana,699,23/1/2022,664247,8033,0.32471588,1454,-1.4237288,179398,476816,5924420,0.34115946
9810,Toscana,700,24/1/2022,669850,8058,0.31121624,1478,1.650619,179800,481992,5940495,0.27133459
9824,Toscana,701,25/1/2022,683660,8085,0.33507073,1486,0.54127198,178553,497022,5958310,0.29989085
9838,Toscana,702,26/1/2022,694195,8127,0.51948053,1491,0.33647376,176918,509150,5974809,0.27690738
9852,Toscana,703,27/1/2022,706552,8147,0.24609327,1478,-0.87189806,172770,525635,5995524,0.34670565
9866,Toscana,704,28/1/2022,717080,8178,0.38050815,1456,-1.488498,167482,541420,6015034,0.32540941
9880,Toscana,705,29/1/2022,726793,8214,0.44020543,1461,0.34340659,161093,557486,6033142,0.30104569
9894,Toscana,706,30/1/2022,735197,8236,0.26783541,1426,-2.3956194,156411,570550,6052552,0.32172292
9908,Toscana,707,31/1/2022,739306,8263,0.32782903,1477,3.5764375,152785,578258,6065431,0.21278627
9922,Toscana,708,01/2/2022,749183,8287,0.29045141,1478,0.067704804,148210,592686,6080983,0.25640386
9936,Toscana,709,02/2/2022,756941,8320,0.39821407,1455,-1.556157,142298,606323,6096570,0.2563237
9950,Toscana,710,03/2/2022,765116,8353,0.39663461,1449,-0.41237113,137914,618849,6114116,0.28780118
9964,Toscana,711,04/2/2022,771885,8380,0.32323715,1406,-2.9675639,131468,632037,6130078,0.26106799
9978,Toscana,712,05/2/2022,778533,8410,0.35799521,1391,-1.0668564,123255,646868,6145801,0.2564894
9992,Toscana,713,06/2/2022,784216,8437,0.32104638,1384,-0.5032351,122390,653389,6160932,0.24620062
10006,Toscana,714,07/2/2022,786999,8477,0.47410217,1387,0.216763,114060,664462,6170279,0.15171406
10020,Toscana,715,08/2/2022,793652,8507,0.35389879,1374,-0.93727469,105260,679885,6183153,0.20864534
10034,Toscana,716,09/2/2022,798512,8533,0.30563065,1348,-1.8922853,98742,691237,6196614,0.21770446
10048,Toscana,717,10/2/2022,803458,8561,0.32813781,1295,-3.9317508,92636,702261,6209505,0.20803297
10062,Toscana,718,11/2/2022,807970,8587,0.30370283,1266,-2.2393823,86268,713115,6222253,0.20529817
10076,Toscana,719,12/2/2022,811708,8607,0.23291022,1245,-1.6587678,79472,723629,6232688,0.16770452
10090,Toscana,720,13/2/2022,815045,8637,0.34855351,1190,-4.4176707,73883,732525,6243530,0.17395383
10104,Toscana,721,14/2/2022,816725,8666,0.33576474,1193,0.25210086,71558,736501,6250464,0.11105897
10118,Toscana,722,15/2/2022,820941,8689,0.26540503,1150,-3.6043587,65937,746315,6260393,0.1588522
10132,Toscana,723,16/2/2022,824269,8719,0.34526414,1117,-2.8695652,61375,754175,6270061,0.15443119
10146,Toscana,724,17/2/2022,827960,8739,0.22938411,1089,-2.5067143,58035,761186,6280357,0.16420893
10160,Toscana,725,18/2/2022,831284,8767,0.3204028,1044,-4.1322312,54527,767990,6289203,0.14085187
10174,Toscana,726,19/2/2022,834334,8780,0.14828333,1021,-2.2030652,50648,774906,6297850,0.1374896
10188,Toscana,727,20/2/2022,836999,8793,0.14806378,1011,-0.97943193,48101,780105,6307113,0.14708194
10202,Toscana,728,21/2/2022,838315,8812,0.21608098,1038,2.6706231,46509,782994,6312270,0.081764825
10216,Toscana,729,22/2/2022,842033,8855,0.48797095,1022,-1.5414258,43263,789915,6321021,0.13863476
10230,Toscana,730,23/2/2022,844989,8887,0.36137775,1002,-1.9569472,40859,795243,6329740,0.13793658
10244,Toscana,731,24/2/2022,847982,8917,0.33757174,963,-3.8922155,38559,800506,6338146,0.13280167
10258,Toscana,732,25/2/2022,850569,8949,0.35886508,922,-4.2575288,36544,805076,6345755,0.12005088
10272,Toscana,733,26/2/2022,852932,8980,0.34640741,899,-2.4945769,34148,809804,6353301,0.11891414
10286,Toscana,734,27/2/2022,855016,9005,0.27839643,871,-3.1145718,32164,813847,6361112,0.12294396
10300,Toscana,735,28/2/2022,856024,9028,0.25541365,856,-1.7221584,31049,815947,6365150,0.063479468
10314,Toscana,736,01/3/2022,858942,9050,0.2436863,846,-1.1682243,28783,821109,6373191,0.12632853
10328,Toscana,737,02/3/2022,861355,9068,0.19889502,826,-2.3640661,27110,825177,6380605,0.11633105
10342,Toscana,738,03/3/2022,864234,9082,0.15438905,796,-3.6319613,26028,829124,6388176,0.11865646
10356,Toscana,739,04/3/2022,866985,9097,0.16516186,783,-1.6331658,25192,832696,6395208,0.11007837
10370,Toscana,740,05/3/2022,869684,9119,0.24183796,762,-2.6819923,24412,836153,6401733,0.10202952
10384,Toscana,741,06/3/2022,872171,9127,0.087728918,731,-4.0682416,23676,839368,6408392,0.10401871
10398,Toscana,742,07/3/2022,873591,9144,0.18626055,750,2.5991793,24088,840359,6412930,0.070813395
10412,Toscana,743,08/3/2022,877431,9162,0.19685039,747,-0.40000001,24050,844219,6419355,0.10018821
10426,Toscana,744,09/3/2022,880603,9179,0.18554901,731,-2.141901,23889,847535,6426241,0.10726935
10440,Toscana,745,10/3/2022,884737,9184,0.054472163,716,-2.0519836,25309,850244,6433642,0.11516842
10454,Toscana,746,11/3/2022,888675,9202,0.19599304,686,-4.1899443,26447,853026,6440241,0.10257021
10468,Toscana,747,12/3/2022,892918,9217,0.16300805,685,-0.14577259,27881,855820,6447199,0.10803944
10482,Toscana,748,13/3/2022,896641,9225,0.086796135,667,-2.6277373,28820,858596,6454332,0.1106372
10496,Toscana,749,14/3/2022,898410,9241,0.17344174,681,2.0989506,29205,859964,6458732,0.06817127
10510,Toscana,750,15/3/2022,904984,9268,0.29217616,690,1.3215859,32218,863498,6466910,0.12661928
10524,Toscana,751,16/3/2022,910187,9278,0.10789815,699,1.3043479,34652,866257,6474771,0.12155728
10538,Toscana,752,17/3/2022,915716,9290,0.12933822,680,-2.7181687,37245,869181,6482606,0.12100814
10552,Toscana,753,18/3/2022,921405,9301,0.11840689,709,4.2647057,39778,872326,6490867,0.12743331
10566,Toscana,754,19/3/2022,926894,9312,0.11826685,719,1.4104372,41732,875850,6498410,0.11620944
10580,Toscana,755,20/3/2022,931471,9324,0.12886597,741,3.0598054,42704,879443,6506184,0.11962926
10594,Toscana,756,21/3/2022,933576,9345,0.22522523,769,3.7786775,43061,881170,6511383,0.079908594
10608,Toscana,757,22/3/2022,940354,9365,0.2140182,790,2.7308192,44575,886414,6519523,0.12501185
10622,Toscana,758,23/3/2022,945634,9386,0.22423919,790,0.0,46377,889871,6527964,0.12947266
10636,Toscana,759,24/3/2022,951080,9405,0.20242915,807,2.1518986,47314,894361,6536406,0.12932056
10650,Toscana,760,25/3/2022,956549,9422,0.18075491,806,-0.12391574,48128,898999,6544977,0.1311271
10664,Toscana,761,26/3/2022,961363,9435,0.13797495,809,0.37220845,48427,903501,6551860,0.10516462
10678,Toscana,762,27/3/2022,965508,9441,0.063593008,823,1.7305316,47913,908154,6560052,0.1250332
10692,Toscana,763,28/3/2022,967286,9454,0.13769728,863,4.8602672,46914,910918,6564575,0.068947621
10706,Toscana,764,29/3/2022,974119,9469,0.158663,883,2.317497,48781,915869,6572943,0.12747207
10720,Toscana,765,30/3/2022,979079,9485,0.16897243,891,0.90600228,47688,921906,6580527,0.11538211
10734,Toscana,766,31/3/2022,984384,9496,0.11597259,900,1.010101,48759,926129,6589153,0.13108373
10748,Toscana,767,01/4/2022,989177,9517,0.22114575,899,-0.11111111,48953,930707,6596848,0.11678284
10762,Toscana,768,02/4/2022,993875,9524,0.073552594,891,-0.88987762,49559,934792,6604045,0.10909756
10776,Toscana,769,03/4/2022,997757,9524,0.0,891,0.0,50681,937552,6611440,0.11197682
10790,Toscana,770,04/4/2022,999397,9546,0.23099539,934,4.8260384,48807,941044,6615611,0.06308762
10804,Toscana,771,05/4/2022,1005371,9574,0.29331657,954,2.1413276,49928,945869,6622701,0.10717075
10818,Toscana,772,06/4/2022,1009829,9586,0.12533946,924,-3.144654,49301,950942,6629737,0.10624064
10832,Toscana,773,07/4/2022,1014580,9598,0.12518255,910,-1.5151515,50025,954957,6636499,0.101995
10846,Toscana,774,08/4/2022,1018975,9609,0.11460721,875,-3.8461537,50181,959185,6642907,0.096556932
10860,Toscana,775,09/4/2022,1023109,9616,0.072848372,852,-2.6285715,49684,963809,6648507,0.084300444
10874,Toscana,776,10/4/2022,1026762,9619,0.031198002,826,-3.0516431,51364,965779,6654186,0.085417673
10888,Toscana,777,11/4/2022,1028368,9632,0.13514918,840,1.6949153,51959,966777,6657374,0.047909692
10902,Toscana,778,12/4/2022,1033846,9640,0.08305648,845,0.59523809,50168,974038,6662407,0.075600378
10916,Toscana,779,13/4/2022,1037857,9654,0.14522822,809,-4.260355,49995,978208,6667826,0.081336968
10930,Toscana,780,14/4/2022,1041979,9665,0.11394241,783,-3.2138443,49908,982406,6672995,0.077521518
10944,Toscana,781,15/4/2022,1046062,9683,0.186239,748,-4.4699874,50345,986034,6677912,0.073685057
10958,Toscana,782,16/4/2022,1050045,9690,0.072291642,740,-1.0695187,51754,988601,6682508,0.068823911
10972,Toscana,783,17/4/2022,1053408,9691,0.010319917,704,-4.8648648,53273,990444,6687078,0.068387501
10986,Toscana,784,18/4/2022,1054174,9692,0.010318853,735,4.403409,52830,991652,6688849,0.026483914
11000,Toscana,785,19/4/2022,1055454,9719,0.27858028,758,3.1292517,49770,995965,6690947,0.031365637
11014,Toscana,786,20/4/2022,1062018,9741,0.22636074,754,-0.52770448,49689,1002588,6695443,0.067195274
11028,Toscana,787,21/4/2022,1066731,9760,0.19505185,744,-1.32626,50170,1006801,6700168,0.070570387
11042,Toscana,788,22/4/2022,1071195,9785,0.25614753,709,-4.7043009,50973,1010437,6704411,0.063326769
11056,Toscana,789,23/4/2022,1075465,9788,0.030659173,684,-3.526093,52729,1012948,6708163,0.055963155
11070,Toscana,790,24/4/2022,1078868,9791,0.030649776,681,-0.43859649,53981,1015096,6712220,0.060478553
11084,Toscana,791,25/4/2022,1080372,9796,0.051067308,687,0.88105726,54032,1016544,6714845,0.039107777
11098,Toscana,792,26/4/2022,1081575,9812,0.16333197,698,1.6011645,50185,1021578,6716358,0.022532165
11112,Toscana,793,27/4/2022,1087228,9825,0.13249083,673,-3.5816619,50109,1027294,6719931,0.053198475
11126,Toscana,794,28/4/2022,1090991,9834,0.091603056,669,-0.59435362,49294,1031863,6723770,0.057128564
11140,Toscana,795,29/4/2022,1094630,9842,0.081350416,655,-2.0926757,51614,1033174,6727574,0.056575403
11154,Toscana,796,30/4/2022,1097551,9847,0.050802682,641,-2.1374047,52061,1035643,6730775,0.047580302
11168,Toscana,797,01/5/2022,1099975,9851,0.040621508,619,-3.4321373,53870,1036254,6734730,0.05875995
11182,Toscana,798,02/5/2022,1100705,9867,0.16242006,635,2.5848143,47533,1043305,6736159,0.021218371
11196,Toscana,799,03/5/2022,1104325,9879,0.12161751,616,-2.992126,47605,1046841,6739012,0.042353515
11210,Toscana,800,04/5/2022,1106846,9892,0.13159227,592,-3.8961039,46247,1050707,6742124,0.046178877
11224,Toscana,801,05/5/2022,1109558,9906,0.1415285,567,-4.2229729,45775,1053877,6745536,0.050607197
11238,Toscana,802,06/5/2022,1111792,9917,0.11104381,542,-4.4091711,44654,1057221,6748078,0.03768418
11252,Toscana,803,07/5/2022,1114150,9927,0.10083695,522,-3.690037,44723,1059500,6751016,0.043538325
11266,Toscana,804,08/5/2022,1116051,9929,0.020147074,501,-4.0229883,44996,1061126,6753897,0.042675059
11280,Toscana,805,09/5/2022,1116801,9940,0.11078659,529,5.5888224,42538,1064323,6755201,0.019307371
11294,Toscana,806,10/5/2022,1120126,9949,0.090543263,512,-3.2136106,42466,1067711,6757943,0.040590946
11308,Toscana,807,11/5/2022,1122491,9961,0.12061514,524,2.34375,41622,1070908,6760770,0.041832257
11322,Toscana,808,12/5/2022,1124848,9970,0.090352371,507,-3.2442749,41072,1073806,6763382,0.038634654
11336,Toscana,809,13/5/2022,1126522,9979,0.09027081,490,-3.3530571,39845,1076698,6765547,0.032010611
11350,Toscana,810,14/5/2022,1128613,9983,0.040084176,432,-11.836735,40586,1078044,6767965,0.035739902
11364,Toscana,811,15/5/2022,1130540,9990,0.070119202,430,-0.46296296,41088,1079462,6770498,0.037426315
11378,Toscana,812,16/5/2022,1131113,10007,0.17017017,446,3.7209303,37950,1083156,6771580,0.015981099
11392,Toscana,813,17/5/2022,1133738,10013,0.05995803,435,-2.4663677,37488,1086237,6774006,0.035826202
11406,Toscana,814,18/5/2022,1135444,10020,0.069909118,404,-7.1264367,36171,1089253,6776117,0.031163244
11420,Toscana,815,19/5/2022,1137293,10027,0.06986028,401,-0.74257427,35538,1091728,6778566,0.036141641
11434,Toscana,816,20/5/2022,1138815,10035,0.07978458,386,-3.7406483,34427,1094353,6780404,0.027114879
11448,Toscana,817,21/5/2022,1140291,10038,0.029895367,381,-1.2953368,34044,1096209,6782359,0.028833089
11462,Toscana,818,22/5/2022,1141325,10040,0.019924289,350,-8.1364832,33000,1098285,6784216,0.027379854
11476,Toscana,819,23/5/2022,1141775,10053,0.12948208,366,4.5714288,31848,1099874,6785057,0.012396421
11490,Toscana,820,24/5/2022,1143749,10059,0.059683677,348,-4.9180326,31486,1102204,6786954,0.027958497
11504,Toscana,821,25/5/2022,1145015,10063,0.039765384,343,-1.4367816,31313,1103639,6788855,0.02800962
11518,Toscana,822,26/5/2022,1146405,10072,0.089436553,328,-4.373178,30149,1106184,6790720,0.027471496
11532,Toscana,823,27/5/2022,1147463,10073,0.0099285142,342,4.2682929,29736,1107654,6791965,0.018333843
11546,Toscana,824,28/5/2022,1148566,10076,0.029782588,319,-6.7251463,29234,1109256,6793426,0.021510711
11560,Toscana,825,29/5/2022,1149359,10076,0.0,322,0.94043887,29167,1110116,6795068,0.024170427
11574,Toscana,826,30/5/2022,1149679,10084,0.079396583,323,0.310559,27666,1111929,6795715,0.009521612
11588,Toscana,827,31/5/2022,1151109,10092,0.079333596,304,-5.8823528,27415,1113602,6797239,0.022425896
11602,Toscana,828,01/6/2022,1152078,10096,0.039635357,271,-10.855263,26837,1115145,6798545,0.019213684
11616,Toscana,829,02/6/2022,1153139,10096,0.0,247,-8.8560886,26715,1116328,6799929,0.020357298
11630,Toscana,830,03/6/2022,1153446,10099,0.029714739,247,0.0,26093,1117254,6800664,0.010808936
11644,Toscana,831,04/6/2022,1154838,10100,0.0099019706,230,-6.8825912,25625,1119113,6801914,0.018380558
11658,Toscana,832,05/6/2022,1155620,10101,0.0099009899,232,0.86956519,25277,1120242,6803340,0.020964688
11672,Toscana,833,06/6/2022,1155937,10113,0.11880012,242,4.3103447,24145,1121679,6803762,0.0062028356
11686,Toscana,834,07/6/2022,1157565,10114,0.0098882625,239,-1.2396694,23665,1123786,6805261,0.022031929
11700,Toscana,835,08/6/2022,1158838,10116,0.019774569,230,-3.7656903,23742,1124980,6806757,0.021982992
11714,Toscana,836,09/6/2022,1160232,10118,0.01977066,223,-3.0434783,23838,1126276,6808347,0.023359142
11728,Toscana,837,10/6/2022,1161335,10125,0.069183633,215,-3.5874438,24143,1127067,6809600,0.01840388
11742,Toscana,838,11/6/2022,1162512,10126,0.0098765437,200,-6.9767442,24658,1127728,6810723,0.016491424
11756,Toscana,839,12/6/2022,1163547,10126,0.0,197,-1.5,24684,1128737,6812155,0.021025669
11770,Toscana,840,13/6/2022,1163981,10128,0.019751135,219,11.167513,24395,1129458,6812587,0.0063416054
11784,Toscana,841,14/6/2022,1166162,10130,0.019747235,229,4.5662103,24947,1131085,6814174,0.023295116
11798,Toscana,842,15/6/2022,1167901,10134,0.039486673,228,-0.43668121,26052,1131715,6815858,0.024713194
